[{"id":157329,"name":"Elie Tahari Aventura","thumbnail":"","url":"\/apps\/store-locator\/aventura.html","address":"19501 Biscayne Blvd Suite #2027, Aventura, FL, 33180, United States","phone":"786-654-5749","email":"etaventura@elietahari.com","web":null,"tags":["Collection"],"distance":null,"lat":"25.9571205","lng":"-80.1447119","social":"","country":"United States"},{"id":157330,"name":"Elie Tahari San Marcos","thumbnail":"","url":"\/apps\/store-locator\/san-marcos.html","address":"4015 I-35 South Suite #329, San Marcos, TX, 78666, United States","phone":"512-392-4039","email":"etsanmarcos@elietahari.com","web":null,"tags":["Outlet"],"distance":null,"lat":"29.8260234","lng":"-97.98559820000001","social":"","country":"United States"},{"id":147926,"name":"Elie Tahari Deer Park","thumbnail":"https:\/\/sl.ndnapps.com\/images\/base\/store-1598290848.jpg","url":"\/apps\/store-locator\/Deer-Park.html","address":"152 The Arches Cir #341, Deer Park, NY, 11729, United States","phone":"631-315-3264","email":"etdeerpark@elietahari.com","web":null,"tags":[],"distance":null,"lat":"40.7648192","lng":"-73.3043805","social":"","country":"United States"},{"id":147933,"name":"Elie Tahari Rosemont","thumbnail":"","url":"\/apps\/store-locator\/rosemont.html","address":"5220 Fashion Outlets Way, Rosemont, IL, 60018, United States","phone":"224-442-1265","email":"etrosemont@elietahari.com","web":null,"tags":["Outlet"],"distance":null,"lat":"41.974961","lng":"-87.8671134","social":"","country":"United States"},{"id":147934,"name":"Elie Tahari Fashion Island","thumbnail":"https:\/\/sl.ndnapps.com\/images\/base\/store-1598298906.jpg","url":"\/apps\/store-locator\/fashion-island.html","address":"575 Newport Center Dr, Newport Beach, CA, 92660, United States","phone":"949-258-7933","email":"etfashionisland@elietahari.com","web":null,"tags":["Collection"],"distance":null,"lat":"33.6169893","lng":"-117.8726431","social":"","country":"United States"},{"id":147936,"name":"Elie Tahari National Harbor","thumbnail":"https:\/\/sl.ndnapps.com\/images\/base\/store-1598293294.jpg","url":"\/apps\/store-locator\/national-harbor.html","address":"6800 Oxon Hill Rd #835, Oxon Hill, MD, 20745, United States","phone":"301-749-1480","email":"etnationalharbor@elietahari.oum","web":null,"tags":["Outlet"],"distance":null,"lat":"38.7954076","lng":"-77.001364","social":"","country":"United States"},{"id":476128,"name":"Elie Tahari Pembroke Gardens","thumbnail":"","url":"\/apps\/store-locator\/elie-tahari-pembroke-gardens.html","address":"427 SW 145th Terrace, Pembroke Pines, FL, 33027, United States","phone":null,"email":"etpembroke@elietahari.com","web":null,"tags":[],"distance":null,"lat":"26.0044709","lng":"-80.3365418","social":"","country":"United States"},{"id":147937,"name":"Elie Tahari Riverhead","thumbnail":"","url":"\/apps\/store-locator\/riverhead.html","address":"1770 W Main St, Riverhead, NY, 11901, United States","phone":"631-591-2779","email":"etriverhead@elietahari.com","web":null,"tags":["Outlet"],"distance":null,"lat":"40.921448","lng":"-72.7175291","social":"","country":"United States"}]