{"current":{"heading_color":"#323232","text_color":"#1c1b1b","text_light_color":"#1c1b1b","link_color":"#323232","background":"#ffffff","light_background":"#ffffff","product_on_sale_color":"#133891","button_background":"#000000","button_text_color":"#ffffff","header_background":"#ffffff","header_heading_color":"#1c1b1b","header_light_color":"#939393","footer_background":"#ffffff","footer_heading_color":"#5c5c5c","footer_text_color":"#939393","navigation_background":"#ffffff","navigation_text_color":"#5c5c5c","newsletter_popup_background":"#ffffff","newsletter_popup_text_color":"#1c1b1b","secondary_elements_background":"#ffffff","secondary_elements_text_color":"#1c1b1b","heading_font":"futura_n4","gotham_sub":false,"heading_size":"large","uppercase_heading":true,"text_font":"futura_n4","gotham_sub_body":false,"base_text_font_size":17,"show_page_transition":true,"show_button_transition":true,"show_image_zooming":false,"show_element_staggering":true,"search_mode":"product","product_show_price_on_hover":false,"product_show_secondary_image":true,"product_info_alignment":"center","product_image_size":"natural","product_list_horizontal_spacing":"small","product_list_vertical_spacing":"extra_small","cart_type":"drawer","cart_enable_notes":true,"cart_show_free_shipping_threshold":true,"cart_free_shipping_threshold":"350","share_image":"","social_facebook":"https:\/\/www.facebook.com\/elietahari\/","social_twitter":"https:\/\/x.com\/ElieTahari","social_pinterest":"https:\/\/www.pinterest.com\/elietahari\/","social_instagram":"https:\/\/www.instagram.com\/elietahari\/","social_vimeo":"","social_tumblr":"","social_youtube":"https:\/\/www.youtube.com\/user\/elietahari\/","social_linkedin":"","social_snapchat":"","social_fancy":"","favicon":"shopify:\/\/shop_images\/android-icon-192x192.png","checkout_header_image":"shopify:\/\/shop_images\/checkout-image_0bb3b27e-28af-42df-b770-98d98ccd3c3c.jpg","checkout_logo_image":"shopify:\/\/shop_images\/LOGO.png","checkout_logo_position":"center","checkout_logo_size":"small","checkout_body_background_image":"","checkout_body_background_color":"#ffffff","checkout_input_background_color_mode":"white","checkout_sidebar_background_image":"","checkout_sidebar_background_color":"#fafafa","checkout_heading_font":"-apple-system, BlinkMacSystemFont, 'Segoe UI', Roboto, Helvetica, Arial, sans-serif, 'Apple Color Emoji', 'Segoe UI Emoji', 'Segoe UI Symbol'","checkout_body_font":"-apple-system, BlinkMacSystemFont, 'Segoe UI', Roboto, Helvetica, Arial, sans-serif, 'Apple Color Emoji', 'Segoe UI Emoji', 'Segoe UI Symbol'","checkout_accent_color":"#323232","checkout_button_color":"#19408d","checkout_error_color":"#e32c2b","sections":{"sidebar-menu":{"type":"sidebar-menu","settings":{"primary_menu":"collection-menu","secondary_menu":"","show_social_media":true}},"announcement":{"type":"announcement","settings":{"enable_bar":true,"home_page_only":false,"background":"#dbdbdb","text_color":"#1b243b","content":"COMPLIMENTARY SHIPPING ON ALL US ORDERS OVER $350","link":"","content1":"SHOP NOW, PAY LATER | Split your payments with"}},"header":{"type":"header","blocks":{"1595297426548":{"type":"mega_menu","settings":{"navigation_mega_menu":"SHOP","push_1_image":"shopify:\/\/shop_images\/NA_97b1b4f8-15bf-470a-a736-78baac10f400.jpg","push_1_heading":"New Arrivals","push_1_subheading":"","push_1_url":"shopify:\/\/collections\/new-arrivals","push_2_heading":"","push_2_subheading":"","push_2_url":""}},"914c1ab5-5daa-41c6-91ee-0b64417e66f5":{"type":"mega_menu","settings":{"navigation_mega_menu":"NEW","push_1_image":"shopify:\/\/shop_images\/trends.jpg","push_1_heading":"Trends To Try","push_1_subheading":"","push_1_url":"shopify:\/\/collections\/print-perfection","push_2_heading":"Example heading","push_2_subheading":"Example sub-heading","push_2_url":""}},"8fe2a204-9a99-46b1-b3ae-4a2b67c4489e":{"type":"mega_menu","settings":{"navigation_mega_menu":"COLLECTION","push_1_image":"shopify:\/\/shop_images\/ready_wear.jpg","push_1_heading":"clothing","push_1_subheading":"","push_1_url":"shopify:\/\/collections\/elie-tahari-designer","push_2_heading":"Example heading","push_2_subheading":"Example sub-heading","push_2_url":""}},"9f4d1cfb-f914-41aa-be6a-10be5e471443":{"type":"mega_menu","disabled":true,"settings":{"navigation_mega_menu":"Dresses","push_1_image":"shopify:\/\/shop_images\/Dresses_3e661de7-684b-4781-b55d-c8349f6ffbbc.jpg","push_1_heading":"Dresses","push_1_subheading":"","push_1_url":"shopify:\/\/collections\/dresses","push_2_heading":"","push_2_subheading":"","push_2_url":""}},"5a3d8ed4-e06a-48db-8f93-8f648f3db844":{"type":"mega_menu","disabled":true,"settings":{"navigation_mega_menu":"Accessories","push_1_image":"shopify:\/\/shop_images\/accessories_banner_892a55a7-0c19-4261-a832-5b318d250cf2.jpg","push_1_heading":"Accessories","push_1_subheading":"","push_1_url":"shopify:\/\/collections\/accessories","push_2_heading":"Example heading","push_2_subheading":"Example sub-heading","push_2_url":""}},"105a5783-1f0f-434e-9bb2-fb73c1b2ecbf":{"type":"mega_menu","disabled":true,"settings":{"navigation_mega_menu":"World of Elie","push_1_image":"shopify:\/\/shop_images\/World_of_Elie.jpg","push_1_heading":"","push_1_subheading":"","push_1_url":"shopify:\/\/pages\/about-elie-tahari","push_2_heading":"Example heading","push_2_subheading":"Example sub-heading","push_2_url":""}},"e82ac7d5-7b89-434d-b4ff-1fb289ec03eb":{"type":"mega_menu","settings":{"navigation_mega_menu":"Sale","push_1_image":"shopify:\/\/shop_images\/sale_copy.jpg","push_1_heading":"Sale","push_1_subheading":"","push_1_url":"shopify:\/\/collections\/elie-tahari-sale","push_2_heading":"Example heading","push_2_subheading":"Example sub-heading","push_2_url":""}}},"block_order":["1595297426548","914c1ab5-5daa-41c6-91ee-0b64417e66f5","8fe2a204-9a99-46b1-b3ae-4a2b67c4489e","9f4d1cfb-f914-41aa-be6a-10be5e471443","5a3d8ed4-e06a-48db-8f93-8f648f3db844","105a5783-1f0f-434e-9bb2-fb73c1b2ecbf","e82ac7d5-7b89-434d-b4ff-1fb289ec03eb"],"settings":{"use_sticky_header":true,"logo":"shopify:\/\/shop_images\/ET_Logo.png","logo_max_width":350,"mobile_logo_max_width":160,"show_currency_selector":true,"show_locale_selector":true,"navigation_menu":"collection-menu","navigation_style":"center","show_icons":true,"enable_transparent_header":false,"enable_transparent_header_collection":false,"show_transparent_header_border":true,"transparent_text_color":"#ffffff"}},"footer":{"type":"footer","blocks":{"footer-1":{"type":"links","settings":{"menu":"footer"}},"footer-0":{"type":"text","settings":{"title":"CONNECT WITH US","content":"","show_social_media":true}},"footer-2":{"type":"newsletter","settings":{"title":"Newsletter","content":"<p>Get the latest news from Elie Tahari + subscribe to our email list and enjoy 15% off your next order.<\/p>"}}},"block_order":["footer-1","footer-0","footer-2"],"settings":{"show_payment_methods":true,"show_currency_selector":true,"show_locale_selector":true}},"slideshow":{"type":"slideshow","blocks":{"slide-0":{"type":"image","settings":{"image":"shopify:\/\/shop_images\/Group_30.jpg","mobile_image":"shopify:\/\/shop_images\/Group_32.jpg","apply_overlay":false,"content_position":"bottomCenter","subheading":"","title":"","aria_text":"The Wardrobe","button_1_text":"","button_1_link":"shopify:\/\/collections\/the-wardrobe","button_2_text":"","button_2_link":""}}},"block_order":["slide-0"],"disabled":true,"settings":{"show_fullscreen":false,"show_arrow":false,"autoplay":false,"cycle_speed":8,"text_color":"#ffffff","button_color":"#363636","button_background":"#ffffff"}},"collection-list":{"type":"collection-list","blocks":{"collection-0":{"type":"collection","settings":{"collection":"the-silk-shop","image":"shopify:\/\/shop_images\/d3.jpg","image_alignment":"top center","content_position":"bottomLeft","subheading":"","title":"The Silk Shop","button_text":"Shop New Arrivals","button_link":"shopify:\/\/collections\/new-arrivals","apply_overlay":false}},"collection-1":{"type":"collection","settings":{"collection":"elies-favorite-blues","image":"shopify:\/\/shop_images\/Elie_s_Favorite_Blues_1120x1200_crop_center_45742271-0d90-4675-83c1-4c18cd8820ba.jpg","image_alignment":"top center","content_position":"bottomLeft","subheading":"","title":"Elie's Favorite Blues","button_text":"Shop Now","button_link":"","apply_overlay":false}},"collection-2":{"type":"collection","settings":{"collection":"the-cotton-shop","image":"shopify:\/\/shop_images\/d2.jpg","image_alignment":"top center","content_position":"bottomLeft","subheading":"","title":"The Cotton Shop","button_text":"Shop Now","button_link":"","apply_overlay":false}}},"block_order":["collection-0","collection-1","collection-2"],"disabled":true,"settings":{"top_title":"Elie Tahari","top_subheading":"Collection","image_size":"normal","add_spacing":true,"expand_collection":false,"stack_on_mobile":false,"text_color":"#000000","button_color":"#ffffff"}},"shop-the-look":{"type":"shop-the-look","blocks":{"look-0":{"type":"look","settings":{"image":"shopify:\/\/shop_images\/styleoftheweek.jpg","dot_style":"light","product_1":"loren-shirt-2","product_1_horizontal_position":28,"product_1_vertical_position":57,"product_2":"twist-neck-knit-e256x502-black","product_2_horizontal_position":35,"product_2_vertical_position":57,"product_3":"crossbody-bag","product_3_horizontal_position":32,"product_3_vertical_position":32}}},"block_order":["look-0"],"disabled":true,"settings":{"subheading":"Shop","title":"Style of the week","show_mobile_product_info":true}},"collection-template":{"type":"collection-template","settings":{"show_collection_info":true,"show_collection_image":true,"apply_overlay":false,"show_color_swatch":true,"show_vendor":false,"collection_image_size":"normal","show_sort_by":true,"show_layout_switch":true,"toolbar_position":"top","filter_position":"sidebar","filter_mode":"group","show_filter_color_swatch":true,"filter_menu":"","grid_items_per_page":48,"grid_mobile_items_per_row":"2","grid_desktop_items_per_row":4}},"recently-viewed-products":{"type":"recently-viewed-products","settings":{"show_section":false,"title":"Recently viewed","show_product_info":true,"show_vendor":false,"show_color_swatch":false}},"collection-footer":{"type":"collection-footer","settings":{"show_section":false,"text_color":"#ffffff","apply_overlay":true,"title":"Our story","content":"<p>Add your own custom content to explain your processes...<\/p>"}},"product-template":{"type":"product-template","settings":{"show_share_buttons":true,"show_vendor":false,"show_sku":false,"description_below_add_to_cart":true,"selector_mode":"block","show_color_swatch":true,"show_color_carousel":false,"show_quantity_selector":true,"show_inventory_quantity":true,"inventory_quantity_threshold":15,"show_price_in_button":false,"show_payment_button":true,"image_size":"large","stack_images":false,"show_thumbnails":true,"enable_image_zoom":true,"enable_video_looping":false,"tab_page_1_handle":"","tab_page_2_handle":"","reviews_enabled":false,"featured_image_size":"small"}},"product-recommendations":{"type":"product-recommendations","settings":{"show_product_recommendations":true,"heading":"You may also like","show_product_info":true,"show_vendor":false,"show_color_swatch":false}},"popup":{"type":"popup","settings":{"show_popup":false,"show_only_on_index":false,"show_only_for_visitors":true,"show_only_once":true,"title":"15% Off Your First Order","content":"<p>Subscribe to our email list and enjoy 15% off your next order on elietahari Outlet. <\/p>","show_newsletter":true,"apparition_delay":5}},"password-template":{"type":"password-template","settings":{"logo":"","logo_max_width":140,"mobile_logo_max_width":90,"background_image":"shopify:\/\/shop_images\/1200x1200_ET_Spr2020_ELIZA_Feb20.jpg","text_color":"#ffffff","heading":"Opening Soon","show_newsletter_signup":true,"newsletter_text":"<p>Signup to be the first to see the new Elie Tahari web store<\/p>","show_social_sharing":false,"social_message":"Spread the word"}},"list-collections-template":{"type":"list-collections-template","settings":{"collections_to_show":"selected","image_size":"normal","add_spacing":true,"expand_collection":false,"apply_overlay":false,"text_color":"#ffffff","button_color":"#363636"}},"blog-template":{"type":"blog-template","settings":{"show_rss":false,"show_tags":false,"show_featured_article":true,"show_category":false}},"shop-now":{"type":"shop-now","settings":{"show_section":false,"title":"Shop now","collection":"","grid_items_count":6,"show_product_info":true,"show_vendor":false,"show_color_swatch":false}},"1584653594603":{"type":"featured-collections","blocks":{"1584653594603-0":{"type":"collection","settings":{"collection":"new-arrivals","title":"Discover The Most In-Demand Styles You'll Only Find Here","grid_items_count":15,"button_text":"View all Best Sellers"}}},"block_order":["1584653594603-0"],"settings":{"title":"Best Sellers","layout_mode":"carousel","show_product_info":true,"show_vendor":false,"show_color_swatch":false,"grid_mobile_items_per_row":"2","grid_desktop_items_per_row":5}},"1586357429157":{"type":"slideshow","blocks":{"1602591399719":{"type":"image","settings":{"image":"shopify:\/\/shop_images\/COATS_DESKTOP_ca2a30c9-d21e-42ee-b110-e9d4e2ae40dc.jpg","mobile_image":"shopify:\/\/shop_images\/Coats_Mobile_1de46cbb-8110-497f-b4bd-94186987e1c1.jpg","apply_overlay":false,"content_position":"middleCenter","subheading":"","title":"","aria_text":"","button_1_text":"","button_1_link":"shopify:\/\/collections\/coats","button_2_text":"","button_2_link":""}}},"block_order":["1602591399719"],"disabled":true,"settings":{"show_fullscreen":false,"show_arrow":false,"autoplay":false,"cycle_speed":7,"text_color":"#ffffff","button_color":"#ffffff","button_background":"#000000"}},"cart-template":{"type":"cart-template","settings":{"show_shipping_estimator":true,"shipping_estimator_default_country":"United States"}},"1602604960126":{"type":"slideshow","blocks":{"430276ae-c95d-44d7-9a5a-3384023080f9":{"type":"image","settings":{"image":"shopify:\/\/shop_images\/ASPOT_DESKTOP_2d0a98d6-1bee-49fc-a0b7-e8f299732d57.jpg","mobile_image":"shopify:\/\/shop_images\/ASPOT_MOBILE_9b5cbb5f-6446-41f0-8fbf-25501fd43947.jpg","apply_overlay":false,"content_position":"bottomLeft","subheading":"","title":"","aria_text":"New Arrivals","button_1_text":"","button_1_link":"shopify:\/\/collections\/new-arrivals","button_2_text":"","button_2_link":""}}},"block_order":["430276ae-c95d-44d7-9a5a-3384023080f9"],"disabled":true,"settings":{"show_fullscreen":false,"show_arrow":false,"autoplay":false,"cycle_speed":3,"text_color":"#000000","button_color":"#000000","button_background":"#ffffff"}},"160519067988801478":{"type":"collection-list","blocks":{"collection_XYceyJ":{"type":"collection","settings":{"collection":"","alt_text":"Dresses","image":"shopify:\/\/shop_images\/Group_5008.jpg","mobileimage":"shopify:\/\/shop_images\/JUNE_HOMEPAGE_-_MOBILE-_FINAL_56a13712-5e5e-44cf-bc9c-61fc1f0a9790.jpg","image_alignment":"center center","content_position":"bottomLeft","subheading":"","subheading1":"","title":"","button_text":"FIND DRESSES","button_link":"shopify:\/\/collections\/tops-collection","apply_overlay":false}},"16051906790df7c5c4-1":{"type":"collection","settings":{"collection":"","alt_text":"Suiting","image":"shopify:\/\/shop_images\/1_879c28f5-0736-4abc-af7a-e837dcad8f45.jpg","mobileimage":"shopify:\/\/shop_images\/JUNE_HOMEPAGE_-_MOBILE-_FINAL-1.jpg","image_alignment":"top center","content_position":"bottomLeft","subheading":"","subheading1":"","title":"","button_text":"FIND PANTS","button_link":"shopify:\/\/collections\/the-wardrobe","apply_overlay":false}}},"block_order":["collection_XYceyJ","16051906790df7c5c4-1"],"settings":{"top_title":"","top_subheading":"","image_size":"normal","add_spacing":true,"expand_collection":true,"stack_on_mobile":true,"text_color":"rgba(0,0,0,0)","button_color":"rgba(0,0,0,0)"}},"1614087118b0c21b19":{"type":"instafeed","disabled":true,"settings":{"heading_size":19,"feed_width":100,"html_area":"<h2 class=\"insta-heading\">#ElieTahari<\/h2>\n<style>\n#insta-feed{\nmargin-top:10px;\nmargin-bottom:30px;\n}\n.insta-heading {\ntext-align:center; text-transform: uppercase; letter-spacing:4px; font-size:2.1em; margin-bottom:0;\nmargin-top:3em;\nfont-family:serif;\n}\n@media screen and (max-width: 600px) {\n.insta-heading {\nfont-size:19px;\n}\n#insta-feed h2 {\nfont-size:14px;\n}\n}\n<\/style>"}},"banner-outlet":{"type":"banner-outlet","blocks":{"b9207402-e4a2-4a8e-a4e4-6da55912ea95":{"type":"image","settings":{"image":"shopify:\/\/shop_images\/ASPOT_DESKTOP_6b107e6c-d47c-420a-b850-5f6015e7d74a.jpg","mobile_image":"shopify:\/\/shop_images\/ASPOT_MOBILE_ca1a47da-7638-4c06-93ba-83917a4a2f23.jpg","apply_overlay":false,"content_position":"middleCenter","subheading":"","title":"","button_1_text":"shop","button_1_link":"shopify:\/\/collections\/friends-family-outlet","button_2_text":"","button_2_link":""}}},"block_order":["b9207402-e4a2-4a8e-a4e4-6da55912ea95"],"settings":{"show_fullscreen":false,"show_arrow":false,"autoplay":true,"cycle_speed":5,"text_color":"#ffffff","button_color":"#363636","button_background":"#ffffff"}},"outlet-coll-one":{"type":"outlet-coll-one","blocks":{"43eb87ca-2dbd-45fe-bdfb-2e549ba8b5c9":{"type":"collection","settings":{"collection":"","image":"shopify:\/\/shop_images\/Tops_340f07b8-f306-4c71-b800-f43781bb4c57.jpg","image_alignment":"center center","content_position":"bottomLeft","subheading":"","title":"Tops","button_text":"Shop Now","button_link":"shopify:\/\/collections\/outlet-tops","apply_overlay":false}},"17db7faa-2256-4509-9a09-5199a4e782c3":{"type":"collection","settings":{"collection":"","image":"shopify:\/\/shop_images\/Dresses_b44506b4-86ac-4856-b652-04c0f152641e.jpg","image_alignment":"center center","content_position":"bottomLeft","subheading":"","title":"Dresses","button_text":"Shop Now","button_link":"shopify:\/\/collections\/outlet-dresses","apply_overlay":false}},"0a15986c-0281-4b24-974e-3e5fdf9368d9":{"type":"collection","settings":{"collection":"","image":"shopify:\/\/shop_images\/Pants_00e9b3c7-6ed0-4cba-b8a8-0cdcf4a3f3fb.jpg","image_alignment":"center center","content_position":"bottomLeft","subheading":"","title":"Pants","button_text":"Shop Now","button_link":"shopify:\/\/collections\/outlet-bottoms","apply_overlay":false}},"e39cae5f-8587-4ffc-9666-ae4352c0bcd3":{"type":"collection","settings":{"collection":"","image":"shopify:\/\/shop_images\/Jackets_18e3d531-5d51-4bf3-9efa-e6f6ed01e368.jpg","image_alignment":"center center","content_position":"bottomLeft","subheading":"","title":"Knits","button_text":"Shop Now","button_link":"shopify:\/\/collections\/outlet-knit","apply_overlay":false}},"e540b38d-93d6-4a21-a477-f745256a8aaf":{"type":"collection","settings":{"collection":"","image":"shopify:\/\/shop_images\/Handbags_bd145d01-5369-440e-9a98-12c6b532d340.jpg","image_alignment":"center center","content_position":"bottomLeft","subheading":"","title":"Handbags","button_text":"Shop Now","button_link":"https:\/\/www.elietahari.com\/collections\/outlet-accessories?style=outlet&pf_pt_category=Handbags","apply_overlay":false}},"70fb6aac-2426-48c0-b965-870cdadc46b1":{"type":"collection","settings":{"collection":"","image":"shopify:\/\/shop_images\/Sunglasses_e3f80513-0956-4808-a10e-e1ba6cbc6dca.jpg","image_alignment":"center center","content_position":"bottomLeft","subheading":"","title":"Sunglasses","button_text":"Shop Now","button_link":"","apply_overlay":false}}},"block_order":["43eb87ca-2dbd-45fe-bdfb-2e549ba8b5c9","17db7faa-2256-4509-9a09-5199a4e782c3","0a15986c-0281-4b24-974e-3e5fdf9368d9","e39cae5f-8587-4ffc-9666-ae4352c0bcd3","e540b38d-93d6-4a21-a477-f745256a8aaf","70fb6aac-2426-48c0-b965-870cdadc46b1"],"settings":{}},"outlet-coll-two":{"type":"outlet-coll-two","blocks":{"936a980f-66e0-4429-86ef-e2bcf2057ec9":{"type":"collection","settings":{"collection":"outlet-dresses-1","title":"Dresses - Up To 70% Off","button_text":"View All Dresses"}}},"block_order":["936a980f-66e0-4429-86ef-e2bcf2057ec9"],"settings":{}},"outlet-coll-three":{"type":"outlet-coll-three","blocks":{"9b7c66bd-a0d2-47b8-926b-a881fa50a1ae":{"type":"collection","settings":{"collection":"outlet-bottoms-1","title":"Bottoms - Up To 70% Off","grid_items_count":3,"button_text":"View All Bottoms"}}},"block_order":["9b7c66bd-a0d2-47b8-926b-a881fa50a1ae"],"settings":{"title":"","layout_mode":"carousel","show_product_info":true,"show_vendor":false,"show_color_swatch":false,"grid_mobile_items_per_row":"1","grid_desktop_items_per_row":3}},"outlet-sidebar-menu":{"type":"outlet-sidebar-menu","settings":{"primary_menu":"outlet-menu","secondary_menu":"","show_social_media":true}},"outlet-header":{"type":"outlet-header","settings":{"use_sticky_header":true,"logo":"shopify:\/\/shop_images\/Elie-Tahari-outlet-logo.png","logo_max_width":270,"mobile_logo_max_width":160,"show_currency_selector":true,"show_locale_selector":true,"navigation_menu":"outlet-menu","navigation_style":"inline","show_icons":false,"enable_transparent_header":false,"enable_transparent_header_collection":false,"show_transparent_header_border":true,"transparent_text_color":"#ffffff"}},"signature-style-faq":{"type":"signature-style-faq","blocks":{"signature-style-faq-0":{"type":"separator","settings":{"title":"FREQUENTLY ASKED QUESTIONS"}},"signature-style-faq-1":{"type":"question","settings":{"title":"WHAT’S THE CATCH? IS THERE AN ADDITIONAL FEE?","answer":"<p>No! There is absolutely no catch! Our in house styling is completely free to you! All you pay for are the clothes you want to keep! You only pay for shipping if you are returning ALL items.<\/p>"}},"signature-style-faq-2":{"type":"question","settings":{"title":"WHAT IF I DON’T RETURN WITH THE 3-DAY TRY ON PERIOD?","answer":"<p>If you don’t return the clothing within the 3 day try on period and have not informed your stylist that it will be late for any reason then you will be charged for those particular items. If the clothing is destroyed or the tag has been taken off you will be charged for that item.<\/p>"}},"signature-style-faq-3":{"type":"question","settings":{"title":"DO I HAVE TO PAY FOR THE RETURN SHIPPING?","answer":"<p>No! Returning the items you don’t want are completely free! We will send you the return label and you send back what you don’t want on us!<\/p>"}},"signature-style-faq-5":{"type":"question","settings":{"title":"CAN I CHOOSE ANYTHING FROM THE WEBSITE?","answer":"<p>Since Signature Style is an in-house styling program only new arrivals and items that haven’t been marked 50% off are available to you. Our lookbooks will only include styles that are new or in season. We don’t want to send you the old stuff!<\/p>"}},"signature-style-faq-6":{"type":"question","settings":{"title":"IS THERE A CLOTHING LIMIT?","answer":"<p>$2,000 Maximum that can be sent out at one time to a client that has been shopping with us less than 6 months. $10,000 Maximum that can be sent out at one time to a client that has been shopping with us for more than 6 months. Product up to 50% off is not eligible for Signature Style.<\/p>"}},"signature-style-faq-8":{"type":"question","settings":{"title":"IS SIGNATURE STYLE AVAILABLE FOR EVERYBODY?","answer":"<p>Yes! It is available to anyone! If you are an Elie Tahari fan or are new to our brand you are welcome to join our signature style program! <\/p>"}},"cb4d6666-05ae-4155-b124-a1b6a22820ef":{"type":"question","settings":{"title":"HOW DO I LEARN MORE ABOUT ELIE TAHARI’S NEW STYLES?","answer":"<p>For more information you can reach out to one of our personal stylists through our live chat service, email them at  <a href=\"mailto:signaturestyle@elietahari.com\"><span style=\"text-decoration:underline\">signaturestyle@elietahari.com<\/span><\/a> or call them at 973.671.6419. We are also always posting our newest styles exclusively on our website in our What’s New Category and on our social media channels @elietahari <\/p>"}},"3609368a-5b6b-494a-a93d-25569aab8a62":{"type":"question","settings":{"title":"HOW DO I KNOW MY SIZE?","answer":"<p>Your personal in-house stylist will be able to help you determine what size is best for your body type. All you have to do is tell them your measurements and they will provide you with the best sizing choice.<\/p>"}}},"block_order":["signature-style-faq-0","signature-style-faq-1","signature-style-faq-2","signature-style-faq-3","signature-style-faq-5","signature-style-faq-6","signature-style-faq-8","cb4d6666-05ae-4155-b124-a1b6a22820ef","3609368a-5b6b-494a-a93d-25569aab8a62"],"settings":{}},"collection-popup":{"type":"collection-popup","settings":{"show_popup":true,"show_only_on_index":true,"show_only_for_visitors":true,"show_only_once":true,"title":"15% OFF YOUR FIRST ORDER","content":"<p>Subscribe to our email list and enjoy 15% off your next order on elietahari.com. <\/p>","show_newsletter":true,"apparition_delay":4}},"16306779332641a3fe":{"type":"slideshow","blocks":{"16306779332641a3fe-0":{"type":"image","settings":{"image":"shopify:\/\/shop_images\/BUYNOW_WEARNOW_SALE_DESKTOP.jpg","mobile_image":"shopify:\/\/shop_images\/BUYNOW_WEARNOW_SALE_MOBILE.jpg","apply_overlay":false,"content_position":"bottomLeft","subheading":"","title":"","aria_text":"Buy Now Wear Now","button_1_text":"","button_1_link":"shopify:\/\/collections\/buy-now-wear-now","button_2_text":"","button_2_link":""}}},"block_order":["16306779332641a3fe-0"],"disabled":true,"settings":{"show_fullscreen":false,"show_arrow":false,"autoplay":true,"cycle_speed":5,"text_color":"#ffffff","button_color":"#363636","button_background":"#ffffff"}},"banner-outlet2":{"type":"banner-outlet2","blocks":{"b83c153e-acc0-4409-9f95-7aa5852e2282":{"type":"image","settings":{"image":"shopify:\/\/shop_images\/MothersDay_Desktop_055fdda7-2362-4874-ab21-5ead4bbeb0e4.jpg","mobile_image":"shopify:\/\/shop_images\/MothersDAy_Mobile_58157f65-9598-4ad2-936d-22ead29ec476.jpg","apply_overlay":false,"content_position":"middleCenter","subheading":"","title":"","button_1_text":"","button_1_link":"shopify:\/\/collections\/outlet-mothers-day-sale-1","button_2_text":"","button_2_link":""}},"b0cb995e-32aa-44c5-97c9-69fbdc4d05ab":{"type":"image","disabled":true,"settings":{"apply_overlay":true,"content_position":"bottomLeft","subheading":"Slide title","title":"Tell your story","button_1_text":"","button_1_link":"","button_2_text":"","button_2_link":""}}},"block_order":["b83c153e-acc0-4409-9f95-7aa5852e2282","b0cb995e-32aa-44c5-97c9-69fbdc4d05ab"],"settings":{"show_fullscreen":false,"show_arrow":false,"autoplay":false,"cycle_speed":3,"text_color":"#ffffff","button_color":"#363636","button_background":"#ffffff"}},"outlet-list":{"type":"outlet-list","blocks":{"a6c22666-a9f4-47cd-873a-8fa12c460061":{"type":"collection","settings":{"collection":"","image":"shopify:\/\/shop_images\/Knits_Sweaters.jpg","image_alignment":"center center","content_position":"bottomLeft","subheading":"starting at $39","title":"Knits & Sweaters","button_text":"Shop Now","button_link":"shopify:\/\/collections\/outlet-knit","apply_overlay":false}},"c3862a0d-3e88-4ccf-af93-a5f11bb0ca06":{"type":"collection","settings":{"collection":"","image":"shopify:\/\/shop_images\/Pants_80c19b90-3d3e-4160-953c-a0616b27aa32.jpg","image_alignment":"center center","content_position":"bottomLeft","subheading":"25-70% OFF","title":"Pants","button_text":"Shop Now","button_link":"shopify:\/\/collections\/outlet-bottoms","apply_overlay":false}},"31fd71fb-e085-4a77-9d54-811492b89e4d":{"type":"collection","settings":{"collection":"","image":"shopify:\/\/shop_images\/Jackets_Blazers.jpg","image_alignment":"center center","content_position":"bottomLeft","subheading":"Starting at $99","title":"Jackets & Blazers","button_text":"Shop Now","button_link":"shopify:\/\/collections\/outlet-jackets-blazers","apply_overlay":true}},"3d5b377f-559d-4f85-9538-d5f056eae1c8":{"type":"collection","settings":{"collection":"","image":"shopify:\/\/shop_images\/Sunglasses_8f25f307-f46e-4c27-b0cb-885c9e875d57.jpg","image_alignment":"center center","content_position":"bottomLeft","subheading":"Your Choice $99","title":"Sunglasses","button_text":"Shop Now","button_link":"shopify:\/\/collections\/sunglasses","apply_overlay":false}}},"block_order":["a6c22666-a9f4-47cd-873a-8fa12c460061","c3862a0d-3e88-4ccf-af93-a5f11bb0ca06","31fd71fb-e085-4a77-9d54-811492b89e4d","3d5b377f-559d-4f85-9538-d5f056eae1c8"],"settings":{"image_size":"normal","add_spacing":true,"expand_collection":false,"stack_on_mobile":true,"text_color":"#ffffff","button_color":"#363636"}},"1641830169284a086b":{"type":"featured-collections","blocks":{"1641830169284a086b-0":{"type":"collection","settings":{"collection":"new-arrivals","title":"Fall In Love with our Newest arrivals","grid_items_count":12,"button_text":"View all New Arrivals"}}},"block_order":["1641830169284a086b-0"],"disabled":true,"settings":{"title":"What's New","layout_mode":"carousel","show_product_info":true,"show_vendor":false,"show_color_swatch":false,"grid_mobile_items_per_row":"2","grid_desktop_items_per_row":4}},"banner-outlet3":{"type":"banner-outlet3","blocks":{"5b54573a-aaf9-4bb0-b8bf-fa0d2dd5adca":{"type":"image","settings":{"image":"shopify:\/\/shop_images\/pants_4e51c9f3-068e-44c6-a1ff-ec7421b42637.jpg","mobile_image":"shopify:\/\/shop_images\/pants_4e51c9f3-068e-44c6-a1ff-ec7421b42637.jpg","apply_overlay":false,"content_position":"bottomLeft","subheading":"","title":"","button_1_text":"","button_1_link":"https:\/\/www.elietahari.com\/collections\/friends-family-outlet?style=outlet&pf_pt_category=Pants","button_2_text":"","button_2_link":""}}},"block_order":["5b54573a-aaf9-4bb0-b8bf-fa0d2dd5adca"],"settings":{"show_fullscreen":false,"show_arrow":false,"autoplay":false,"cycle_speed":5,"text_color":"#ffffff","button_color":"#363636","button_background":"#ffffff"}},"banner-outlet4":{"type":"banner-outlet4","blocks":{"8db48e29-18bb-4a7e-a75d-0d27b3695e8a":{"type":"image","settings":{"image":"shopify:\/\/shop_images\/dresses_9ec5fc82-9540-4ad5-baec-06ea4be5df43.jpg","mobile_image":"shopify:\/\/shop_images\/dresses_9ec5fc82-9540-4ad5-baec-06ea4be5df43.jpg","apply_overlay":false,"content_position":"bottomLeft","subheading":"","title":"","button_1_text":"","button_1_link":"https:\/\/www.elietahari.com\/collections\/friends-family-outlet?style=outlet&pf_pt_category=Dresses","button_2_text":"","button_2_link":""}}},"block_order":["8db48e29-18bb-4a7e-a75d-0d27b3695e8a"],"settings":{"show_fullscreen":false,"show_arrow":false,"autoplay":false,"cycle_speed":5,"text_color":"#ffffff","button_color":"#363636","button_background":"#ffffff"}},"banner-outlet5":{"type":"banner-outlet5","blocks":{"5a6307fd-e702-4b78-9083-7578dcda304b":{"type":"image","settings":{"image":"shopify:\/\/shop_images\/tops_e6015cec-4376-421e-81f9-7119a5b97ce4.jpg","mobile_image":"shopify:\/\/shop_images\/tops_e6015cec-4376-421e-81f9-7119a5b97ce4.jpg","apply_overlay":false,"content_position":"bottomLeft","subheading":"","title":"","button_1_text":"","button_1_link":"https:\/\/www.elietahari.com\/collections\/friends-family-outlet?style=outlet&pf_pt_category=Tops","button_2_text":"","button_2_link":""}}},"block_order":["5a6307fd-e702-4b78-9083-7578dcda304b"],"settings":{"show_fullscreen":false,"show_arrow":false,"autoplay":true,"cycle_speed":5,"text_color":"#ffffff","button_color":"#363636","button_background":"#ffffff"}},"banner-outlet6":{"type":"banner-outlet6","blocks":{"e32d21e2-a297-4f85-9502-8b057ec8ea70":{"type":"image","settings":{"image":"shopify:\/\/shop_images\/FRAGRANCE_6f938d18-13e4-482d-88eb-eddee3540e2d.jpg","mobile_image":"shopify:\/\/shop_images\/FRAGRANCE_MOBILE.jpg","apply_overlay":false,"content_position":"bottomLeft","subheading":"","title":"","button_1_text":"","button_1_link":"https:\/\/www.elietahari.com\/collections\/outlet-accessories?style=outlet&pf_pt_category=Fragrance","button_2_text":"","button_2_link":""}}},"block_order":["e32d21e2-a297-4f85-9502-8b057ec8ea70"],"settings":{"show_fullscreen":false,"show_arrow":false,"autoplay":true,"cycle_speed":5,"text_color":"#ffffff","button_color":"#363636","button_background":"#ffffff"}},"banner-outlet7":{"type":"banner-outlet7","blocks":{"b6f0403a-b072-4624-8b43-fd10bf7cfa38":{"type":"image","settings":{"image":"shopify:\/\/shop_images\/Fragrance_Desktop_14631bc4-87a9-4591-8063-d6067a6ab368.jpg","mobile_image":"shopify:\/\/shop_images\/Fragrance_Desktop_14631bc4-87a9-4591-8063-d6067a6ab368.jpg","apply_overlay":false,"content_position":"bottomLeft","subheading":"","title":"","button_1_text":"","button_1_link":"https:\/\/www.elietahari.com\/collections\/outlet-accessories?style=outlet&pf_pt_category=Fragrance","button_2_text":"","button_2_link":""}}},"block_order":["b6f0403a-b072-4624-8b43-fd10bf7cfa38"],"settings":{"show_fullscreen":false,"show_arrow":false,"autoplay":true,"cycle_speed":5,"text_color":"#ffffff","button_color":"#363636","button_background":"#ffffff"}},"banner-outlet8":{"type":"banner-outlet8","blocks":{"7a46c213-b929-4cbe-aecb-54e8375d34cf":{"type":"image","settings":{"image":"shopify:\/\/shop_images\/jackets_271f8b10-caae-4647-ae0a-8b81e1a1d18a.jpg","mobile_image":"shopify:\/\/shop_images\/jackets_271f8b10-caae-4647-ae0a-8b81e1a1d18a.jpg","apply_overlay":false,"content_position":"bottomLeft","subheading":"","title":"","button_1_text":"","button_1_link":"https:\/\/www.elietahari.com\/collections\/friends-family-outlet?style=outlet&pf_pt_category=Jackets","button_2_text":"","button_2_link":""}}},"block_order":["7a46c213-b929-4cbe-aecb-54e8375d34cf"],"settings":{"show_fullscreen":false,"show_arrow":false,"autoplay":false,"cycle_speed":5,"text_color":"#ffffff","button_color":"#363636","button_background":"#ffffff"}},"banner-outlet9":{"type":"banner-outlet9","blocks":{"88e460d9-911c-4ccb-b9cc-eeb9992b9eb6":{"type":"image","settings":{"image":"shopify:\/\/shop_images\/CLEARANCE_BANNER.jpg","mobile_image":"shopify:\/\/shop_images\/CLEARANCE_MOBILE_df2d3c68-a44b-46a6-b3ef-76da9c26fe44.jpg","apply_overlay":false,"content_position":"bottomLeft","subheading":"","title":"","button_1_text":"","button_1_link":"shopify:\/\/collections\/final-clearance-outlet-1","button_2_text":"","button_2_link":""}}},"block_order":["88e460d9-911c-4ccb-b9cc-eeb9992b9eb6"],"settings":{"show_fullscreen":false,"show_arrow":false,"autoplay":false,"cycle_speed":5,"text_color":"#ffffff","button_color":"#363636","button_background":"#ffffff"}},"influencers":{"type":"influencers","blocks":{"3aa31ef9-0c5e-41f7-9e61-d4a4594d94bd":{"type":"look","settings":{"image1":"shopify:\/\/shop_images\/3.png","product-1":"vegan-lthr-seam-pant-e90am204-wood","product-2":"sng-bt-velvet-blazer-er075104-midnight","product-3":"brushed-wrap-coat-e901w413-camel"}},"a17741f9-9d68-43b9-a582-f0c76d7c9543":{"type":"look","settings":{"image1":"shopify:\/\/shop_images\/4.png","product-1":"boucle-button-jacket-e901t104-toffee","product-2":"chain-belt-a815g003-gold-metallic","product-3":"chiffon-sl-tie-shirt-er053554-crystal-pink"}},"8e4578f2-1507-48ad-a06d-241927eefafa":{"type":"look","settings":{"image1":"shopify:\/\/shop_images\/2.png","product-1":"chain-buckle-belt-a8153003-black-silver","product-2":"leather-stud-tote-w4r4u104-black","product-3":"metallic-tweed-blzr-e904c104-gold-multi"}},"b326225f-fb87-41ff-9052-a260a5e2b650":{"type":"look","settings":{"image1":"shopify:\/\/shop_images\/5.png","product-1":"croco-panel-blazer-e903w114-caramel","product-2":"crepe-seam-pant-e8087214-black","product-3":"leather-shearling-gl-a905g104-black-black"}},"eebe6f4d-d090-475e-9455-0e14e16e123d":{"type":"look","settings":{"image1":"shopify:\/\/shop_images\/7.png","product-1":"ss-turtleneck-swtr-er54x504-lavender","product-2":"metallic-jean-e804r204-antique-silver","product-3":"foil-temple-logo-el201-silver-gold"}},"e72c2994-063e-4d8b-a50d-15a065b3a3e7":{"type":"look","settings":{"image1":"shopify:\/\/shop_images\/6.png","product-1":"lasercut-leathr-belt-ar186004-black-gold","product-2":"wool-fedora-hat-a905e404-wood","product-3":"corduroy-sng-btn-blz-e904m104-wood"}}},"block_order":["3aa31ef9-0c5e-41f7-9e61-d4a4594d94bd","a17741f9-9d68-43b9-a582-f0c76d7c9543","8e4578f2-1507-48ad-a06d-241927eefafa","b326225f-fb87-41ff-9052-a260a5e2b650","eebe6f4d-d090-475e-9455-0e14e16e123d","e72c2994-063e-4d8b-a50d-15a065b3a3e7"],"settings":{}},"influencers2":{"type":"influencers2","blocks":{"look_dpGFTV":{"type":"look","settings":{"image1":"shopify:\/\/shop_images\/10.png","product-1":"suede-shearling-glv-a905k104-dark-brown-natural","product-2":"boucle-cardigan-e95x8504-buff","product-3":"tweed-sngl-bt-blazer-er041104-cordovan-multi"}},"d264e805-e48c-4fed-a650-08e0909313c5":{"type":"look","settings":{"image1":"shopify:\/\/shop_images\/8.png","product-1":"metallic-tweed-blzr-e904c104-gold-multi","product-2":"asym-ruched-vlvt-dr-er021604-burgundy","product-3":"leather-weave-hndbg-w4r4t104-black"}},"7c98ed36-2fe2-4ec7-a579-ee0a21c496da":{"type":"look","settings":{"image1":"shopify:\/\/shop_images\/9.png","product-1":"long-leather-gloves-a905h404-black","product-2":"vgn-lthr-belted-blzr-e90am104-black","product-3":"str-silk-satin-cami-e9053514-black"}},"look_ceNTpA":{"type":"look","settings":{"image1":"shopify:\/\/shop_images\/11.png","product-1":"chain-belt-a815g003-black-gold","product-2":"leather-weave-hndbg-w4r4t104-oyster","product-3":"chiffon-sleeve-blzr-er087104-foam"}}},"block_order":["look_dpGFTV","d264e805-e48c-4fed-a650-08e0909313c5","7c98ed36-2fe2-4ec7-a579-ee0a21c496da","look_ceNTpA"],"settings":{}},"influencers3":{"type":"influencers3","blocks":{"66659448-53d4-4ed2-9af3-dea34cb11b88":{"type":"look","settings":{"image1":"shopify:\/\/shop_images\/15.jpg","product-1":"mock-neck-ls-ribbed-top-w-overlock-stitching-detail-in-pima-ctn-modal-1","product-2":"vegan-seam-pant-e90am202-coffee","product-3":"chain-belt-a914g002-luggage"}},"8c85e726-6fe3-4a20-8e05-354bdd884de9":{"type":"look","settings":{"image1":"shopify:\/\/shop_images\/16.jpg","product-1":"cateye-acetate-sunglasses-el123-tortoise","product-2":"detail-ss-tneck-swtr-e95x5502-coffee","product-3":"oversize-collar-trench-etr22579-saddle"}},"fb112540-38b8-401d-be14-ca4e601325b9":{"type":"look","settings":{"image1":"shopify:\/\/shop_images\/17.jpg","product-1":"rib-hooded-cardigan-e95x5532-camel","product-2":"cashmere-popover-glv-a93x8302-black","product-3":"s-s-t-neck-sweater-e95x4502-merlot"}},"97baf763-f324-47f8-a9ca-ac5189606889":{"type":"look","settings":{"image1":"shopify:\/\/shop_images\/18.jpg","product-1":"velvet-blazer-e903m102-scarlet","product-2":"sequin-wide-leg-pant-en043202-black","product-3":"s-knot-satin-bag-w8r4j102-black"}},"15165e64-7969-47d4-96cd-b2716acd1f19":{"type":"look","settings":{"image1":"shopify:\/\/shop_images\/20.jpg","product-1":"wide-leg-pant-en049202-bottle-green","product-2":"oversized-cateye-sunglasses-el152-brown-leopard","product-3":"s-knot-leather-bag-w8r4h102-moss"}}},"block_order":["66659448-53d4-4ed2-9af3-dea34cb11b88","8c85e726-6fe3-4a20-8e05-354bdd884de9","fb112540-38b8-401d-be14-ca4e601325b9","97baf763-f324-47f8-a9ca-ac5189606889","15165e64-7969-47d4-96cd-b2716acd1f19"],"settings":{}},"banner-outlet10":{"type":"banner-outlet10","blocks":{"1d2e904f-ed15-4c42-bd3c-95042244257c":{"type":"image","settings":{"image":"shopify:\/\/shop_images\/BAGS.jpg","mobile_image":"shopify:\/\/shop_images\/BAGS_MOBILE.jpg","apply_overlay":false,"content_position":"bottomLeft","subheading":"","title":"","button_1_text":"","button_1_link":"https:\/\/www.elietahari.com\/collections\/outlet-accessories?style=outlet&pf_pt_category=Handbags","button_2_text":"","button_2_link":""}}},"block_order":["1d2e904f-ed15-4c42-bd3c-95042244257c"],"settings":{"show_fullscreen":false,"show_arrow":false,"autoplay":false,"cycle_speed":5,"text_color":"#ffffff","button_color":"#363636","button_background":"#ffffff"}},"banner-outlet11":{"type":"banner-outlet11","blocks":{"46feff80-0587-45b7-88a3-2e3ae850999e":{"type":"image","settings":{"image":"shopify:\/\/shop_images\/SHADES.jpg","mobile_image":"shopify:\/\/shop_images\/SHADES_MOBILE.jpg","apply_overlay":false,"content_position":"bottomLeft","subheading":"","title":"","button_1_text":"","button_1_link":"https:\/\/www.elietahari.com\/collections\/outlet-accessories?style=outlet&pf_pt_category=Sunglasses","button_2_text":"","button_2_link":""}}},"block_order":["46feff80-0587-45b7-88a3-2e3ae850999e"],"settings":{"show_fullscreen":false,"show_arrow":false,"autoplay":false,"cycle_speed":5,"text_color":"#ffffff","button_color":"#363636","button_background":"#ffffff"}},"2cfb3080-fbdb-4539-86ff-0484fc686915":{"type":"outlet-coll-one","blocks":{"2cfb3080-fbdb-4539-86ff-0484fc686915-168434066279630e19-0":{"type":"collection","settings":{"collection":"","image":"shopify:\/\/shop_images\/JACKETS_077e06a3-6790-46d2-a45f-38c44d5866e0.jpg","image_alignment":"center center","content_position":"bottomLeft","subheading":"","title":"","button_text":"Shop Jackets","button_link":"shopify:\/\/collections\/jackets-blazers","apply_overlay":false}},"2cfb3080-fbdb-4539-86ff-0484fc686915-168434066279630e19-1":{"type":"collection","settings":{"collection":"","image":"shopify:\/\/shop_images\/PANTS_ca6f2461-723b-4d48-a9f8-c74cdbc763f9.jpg","image_alignment":"center center","content_position":"bottomLeft","subheading":"","title":"","button_text":"Pants","button_link":"shopify:\/\/collections\/bottoms-collection","apply_overlay":false}},"collection_JLEN3W":{"type":"collection","settings":{"collection":"","image":"shopify:\/\/shop_images\/KNITS_df4ec47c-6e42-4624-a300-a958dec6e3bb.jpg","image_alignment":"center center","content_position":"bottomLeft","subheading":"","title":"","button_text":"Shop Knits","button_link":"https:\/\/www.elietahari.com\/collections\/tops-collection?pf_pt_category=Knits","apply_overlay":false}}},"block_order":["2cfb3080-fbdb-4539-86ff-0484fc686915-168434066279630e19-0","2cfb3080-fbdb-4539-86ff-0484fc686915-168434066279630e19-1","collection_JLEN3W"],"disabled":true,"settings":{"image_size":"normal","add_spacing":true,"expand_collection":true,"stack_on_mobile":true,"text_color":"rgba(0,0,0,0)","button_color":"rgba(0,0,0,0)"}},"8c222879-771a-4b08-8191-e910b0c17f07":{"type":"collection-list","blocks":{"7bc56dc7-bdab-4af0-a77e-ebad8f18167b":{"type":"collection","settings":{"collection":"","alt_text":"Dresses","image":"shopify:\/\/shop_images\/DRESSES_bbe48d9d-5f33-4e6d-bfa3-19af3269ca0f.jpg","image_alignment":"center center","content_position":"bottomLeft","subheading":"","subheading1":"","title":"","button_text":"Shop Dresses","button_link":"shopify:\/\/collections\/dresses","apply_overlay":false}},"93e8fbee-d5a9-4d9e-8968-266f928d2677":{"type":"collection","settings":{"collection":"","alt_text":"TOPS","image":"shopify:\/\/shop_images\/TOPS_c8beb4cf-a4f8-4cc8-904e-0c188e6c3eac.jpg","image_alignment":"center center","content_position":"bottomLeft","subheading":"","subheading1":"","title":"","button_text":"Shop Tops","button_link":"https:\/\/www.elietahari.com\/collections\/tops-collection?pf_pt_category=Tops","apply_overlay":false}},"collection_nJyLnp":{"type":"collection","settings":{"collection":"","alt_text":"Jackets","image":"shopify:\/\/shop_images\/JACKETS_077e06a3-6790-46d2-a45f-38c44d5866e0.jpg","image_alignment":"center center","content_position":"bottomLeft","subheading":"","subheading1":"","title":"","button_text":"Shop Jackets","button_link":"shopify:\/\/collections\/jackets-blazers","apply_overlay":false}},"collection_JFi9QG":{"type":"collection","settings":{"collection":"","alt_text":"Pants","image":"shopify:\/\/shop_images\/PANTS_ca6f2461-723b-4d48-a9f8-c74cdbc763f9.jpg","image_alignment":"center center","content_position":"bottomLeft","subheading":"","subheading1":"","title":"","button_text":"pants","button_link":"shopify:\/\/collections\/bottoms-collection","apply_overlay":false}},"collection_PwYBHY":{"type":"collection","settings":{"collection":"","alt_text":"Knits","image":"shopify:\/\/shop_images\/KNITS_df4ec47c-6e42-4624-a300-a958dec6e3bb.jpg","image_alignment":"center center","content_position":"bottomLeft","subheading":"","subheading1":"","title":"","button_text":"Shop Knits","button_link":"https:\/\/www.elietahari.com\/collections\/tops-collection?pf_pt_category=Knits","apply_overlay":false}}},"block_order":["7bc56dc7-bdab-4af0-a77e-ebad8f18167b","93e8fbee-d5a9-4d9e-8968-266f928d2677","collection_nJyLnp","collection_JFi9QG","collection_PwYBHY"],"disabled":true,"settings":{"top_title":"","top_subheading":"","image_size":"normal","add_spacing":true,"expand_collection":true,"stack_on_mobile":true,"text_color":"rgba(0,0,0,0)","button_color":"rgba(0,0,0,0)"}},"b40502cb-ea0e-47db-8c98-b10edb1ce946":{"type":"custom-html","disabled":true,"settings":{"subheading":"","title":"","html":"<div class=\"yellow-banner\">\n<div class=\"acc-text\">\n<h2> The Insider's Guide <\/h2>\n<p>The Season's Must-Have Accessories <\/p>\n<a href=\"\/collections\/accessories\"> Shop Accessories <\/a>\n<\/div>\n<div class=\"yellow-container\">\n<div class=\"cat-acc\">\n<a href=\"\/collections\/handbags\"><img src=\"https:\/\/cdn.shopify.com\/s\/files\/1\/0350\/8997\/3385\/files\/Handbags_d79a05a0-fc19-48c3-b37d-60de08081c1a.jpg?v=1695822828\"><\/a>\n<\/div>\n<div class=\"cat-acc\">\n<a href=\"\/collections\/belts\"><img src=\"https:\/\/cdn.shopify.com\/s\/files\/1\/0350\/8997\/3385\/files\/Belts_502b8eb0-75c8-47f6-9d13-6b9b93a3ec6b.jpg?v=1695822828\"><\/a>\n<\/div>\n<div class=\"cat-acc\">\n<a href=\"\/collections\/hats-gloves\"><img src=\"https:\/\/cdn.shopify.com\/s\/files\/1\/0350\/8997\/3385\/files\/Hats_e299a199-6923-466b-857e-7035f8dd1467.jpg?v=1692883683\"><\/a>\n<\/div>\n<div class=\"cat-acc\">\n<a href=\"\/collections\/accessories?pf_pt_category=Gloves\"><img src=\"https:\/\/cdn.shopify.com\/s\/files\/1\/0350\/8997\/3385\/files\/Gloves.jpg?v=1695822828\"><\/a>\n<\/div>\n<\/div>\n<\/div>\n<style>\n.yellow-banner .yellow-container {\ndisplay:flex;\n}\n.yellow-banner .yellow-container div {\nwidth:24%;\npadding: 0 2%;\n}\n.yellow-banner .yellow-container .acc-text {\ntext-align:center;\nwidth:100%;\n}\n.acc-text h2 {\n    font-family: serif;\n    font-size: 2.8em;\n    line-height: 1.1em;\n    letter-spacing: 0.08em;\n    color: #000;\n    text-align: center;\nmargin-bottom:0px;\nmargin-top:1.2em;\n}\n.acc-text p {\ntext-transform: uppercase;\n    text-align: center;\n    color: #000;\n    font-size: 1.2em;\n    margin-top: 10px;\n}\n.Rte .acc-text a {\nfont-size: 1em;\n    color: #000;\n    text-transform: uppercase;\n    font-weight: 600;\n}\n.cat-acc a:hover {\n    opacity: 0.8;\n}\n@media only screen and (max-width: 1450px) {\n  .acc-text h2 {\nfont-size: 1.8em;\nmargin-top: 4.2em;\n}\n.acc-text p {\nfont-size: 0.8em;\n}\n.Rte .acc-text a {\nfont-size: 0.8em;\n}\n}\n@media only screen and (max-width: 1008px) {\n.yellow-banner .yellow-container {\nflex-wrap: wrap;\n}\n.yellow-banner .yellow-container div {\nflex:1 0 50%;\n}\n.acc-text h2 {\nmargin-top: 2.2em;\nfont-size:3.8em;\n}\n.acc-text p {\nfont-size:1.2em;\n}\n.Rte .acc-text a {\n    font-size: 1.2em;\n}\n}\n@media only screen and (max-width: 640px) {\n.acc-text h2 {\n    font-size: 1.2em;\n}\n.acc-text p {\nfont-size: 1em;\n}\n.Rte .acc-text a {\nfont-size: 0.8em;\n}\n.cat-acc a img {\nmargin:25px 0;\n}\n}\n<\/style>"}},"banner-outlet12":{"type":"banner-outlet12","blocks":{"d86cf16f-be13-49a7-9f26-a03c0b63fd83":{"type":"image","settings":{"image":"shopify:\/\/shop_images\/HOME_DESKTOP_de1603ab-ea1a-4a57-960a-4e6cf610b42f.jpg","mobile_image":"shopify:\/\/shop_images\/HOME_DESKTOP_de1603ab-ea1a-4a57-960a-4e6cf610b42f.jpg","apply_overlay":false,"content_position":"bottomLeft","subheading":"","title":"","button_1_text":"","button_1_link":"shopify:\/\/collections\/tahari-home","button_2_text":"","button_2_link":""}}},"block_order":["d86cf16f-be13-49a7-9f26-a03c0b63fd83"],"settings":{"show_fullscreen":false,"show_arrow":false,"autoplay":false,"cycle_speed":5,"text_color":"#ffffff","button_color":"#363636","button_background":"#ffffff"}},"woet-header":{"type":"woet-header","blocks":{"mega_menu_4TmHbb":{"type":"mega_menu","settings":{"woet_navigation_mega_menu":"Ready To Wear","woet_push_1_image":"shopify:\/\/shop_images\/THF49026_BLACK_THF49027_BLACK_062.jpg","woet_push_1_heading":"View All T Tahari","woet_push_1_subheading":"","woet_push_1_url":"shopify:\/\/collections\/t-tahari-collection","woet_push_2_heading":"Example heading","woet_push_2_subheading":"Example sub-heading","woet_push_2_url":""}},"mega_menu_JbcNYX":{"type":"mega_menu","settings":{"woet_navigation_mega_menu":"Sale","woet_push_1_image":"shopify:\/\/shop_images\/sale_copy.jpg","woet_push_1_heading":"View All - Sale","woet_push_1_subheading":"","woet_push_1_url":"shopify:\/\/collections\/elie-tahari-outlet","woet_push_2_heading":"Example heading","woet_push_2_subheading":"Example sub-heading","woet_push_2_url":""}}},"block_order":["mega_menu_4TmHbb","mega_menu_JbcNYX"],"settings":{"woet_use_sticky_header":true,"woet_logo":"shopify:\/\/shop_images\/WorldOf_ET_logo_Black_RGB.svg","woet_logo_max_width":350,"woet_mobile_logo_max_width":160,"woet_show_currency_selector":true,"woet_show_locale_selector":true,"woet_navigation_menu":"woet-navigation","woet_navigation_style":"center","woet_show_icons":false,"woet_enable_transparent_header":false,"woet_enable_transparent_header_collection":false,"woet_show_transparent_header_border":true,"woet_transparent_text_color":"#ffffff","woet_transparent_logo":"shopify:\/\/shop_images\/world-of-elie-tahari.png"}},"woet-sidebar-menu":{"type":"woet-sidebar-menu","settings":{"woet_primary_menu":"woet-navigation","woet_secondary_menu":"","woet_show_social_media":true}},"6c829e26-bcf5-46d4-b331-e55ba6fc4053":{"type":"slideshow","blocks":{"6c829e26-bcf5-46d4-b331-e55ba6fc4053-image-1":{"type":"image","settings":{"image":"shopify:\/\/shop_images\/ACCESSORIES_DESKTOP_c214fdad-3587-48f1-bfdc-72dcad8e5c3c.jpg","mobile_image":"shopify:\/\/shop_images\/ACCESSORIES_MOBILE_4b21a722-9a1a-4581-81c5-7a87dc59968d.jpg","apply_overlay":false,"content_position":"bottomLeft","subheading":"","title":"","aria_text":"","button_1_text":"","button_1_link":"shopify:\/\/collections\/accessories","button_2_text":"","button_2_link":""}}},"block_order":["6c829e26-bcf5-46d4-b331-e55ba6fc4053-image-1"],"disabled":true,"settings":{"show_fullscreen":false,"show_arrow":false,"autoplay":false,"cycle_speed":5,"text_color":"#ffffff","button_color":"#363636","button_background":"#ffffff"}},"95eca7ce-6a63-461c-b8df-debfa399a6c5":{"type":"Banner-featured-collections","blocks":{"95eca7ce-6a63-461c-b8df-debfa399a6c5-collection-1":{"type":"collection","settings":{"collection":"holiday-gift-guide","title":"One for you & one for all the IT Girls","title2":"Extra 30% Off w\/code FRIENDS30","grid_items_count":16,"button_text":"Shop Now"}}},"block_order":["95eca7ce-6a63-461c-b8df-debfa399a6c5-collection-1"],"disabled":true,"settings":{"title":"The Gift Giver's Guide","layout_mode":"carousel","show_product_info":true,"show_vendor":false,"show_color_swatch":false,"grid_mobile_items_per_row":"2","grid_desktop_items_per_row":4}},"b788aa36-a716-4b53-b600-65d07202c333":{"type":"slideshow","blocks":{"b788aa36-a716-4b53-b600-65d07202c333-image-1":{"type":"image","settings":{"image":"shopify:\/\/shop_images\/Group_5006.jpg","mobile_image":"shopify:\/\/shop_images\/JUNE_HOMEPAGE_-_MOBILE-_FINAL.jpg","apply_overlay":false,"content_position":"bottomCenter","subheading":"","title":"","aria_text":"Silks","button_1_text":"","button_1_link":"shopify:\/\/collections\/dresses","button_2_text":"","button_2_link":""}}},"block_order":["b788aa36-a716-4b53-b600-65d07202c333-image-1"],"settings":{"show_fullscreen":false,"show_arrow":false,"autoplay":false,"cycle_speed":5,"text_color":"#ffffff","button_color":"#363636","button_background":"#ffffff"}},"7bcadd53-4577-46a5-93e3-f1a4bac3c1b1":{"type":"slideshow","blocks":{"7bcadd53-4577-46a5-93e3-f1a4bac3c1b1-image-1":{"type":"image","settings":{"image":"shopify:\/\/shop_images\/COLOR_DESKTOP_15be6ddb-ab47-4b6f-a0f5-7208e00a0fbc.jpg","mobile_image":"shopify:\/\/shop_images\/COLOR_MOBILE_d62a91b8-eda2-4fc4-a257-20c1fbde8322.jpg","apply_overlay":false,"content_position":"bottomCenter","subheading":"","title":"","aria_text":"Color Edit","button_1_text":"","button_1_link":"shopify:\/\/collections\/the-color-shop","button_2_text":"","button_2_link":""}}},"block_order":["7bcadd53-4577-46a5-93e3-f1a4bac3c1b1-image-1"],"disabled":true,"settings":{"show_fullscreen":false,"show_arrow":false,"autoplay":false,"cycle_speed":5,"text_color":"#ffffff","button_color":"#363636","button_background":"#ffffff"}},"custom_html_L6A4C7":{"type":"custom-html","disabled":true,"settings":{"subheading":"","title":"","html":"<div class=\"winterColl\">\n<div class=\"wincoll 1\">\n<a href=\"\/collections\/accessories\">\n<img src=\"https:\/\/cdn.shopify.com\/s\/files\/1\/0350\/8997\/3385\/files\/bag.jpg?v=1731005903\" alt=\"Handbags\">\n<\/a>\n<\/div>\n<div class=\"wincoll 2\">\n<a href=\"\/collections\/accessories?pf_pt_category=Belts\">\n<img src=\"https:\/\/cdn.shopify.com\/s\/files\/1\/0350\/8997\/3385\/files\/belts_feef652e-bc5d-46aa-919b-dced3d7ab9ec.jpg?v=1733493719\" alt=\"belts\">\n<\/a>\n<a class=\"acc_cta\" href=\"\/collections\/accessories?pf_pt_category=Belts\">\n<img src=\"https:\/\/cdn.shopify.com\/s\/files\/1\/0350\/8997\/3385\/files\/belts_btn_5406d048-6bb1-46c8-b225-94c3e8bd6f95.jpg?v=1731005294\" alt=\"belts\">\n<\/a>\n<a class=\"acc_cta\" href=\"\/collections\/accessories?pf_pt_category=Handbags\">\n<img src=\"https:\/\/cdn.shopify.com\/s\/files\/1\/0350\/8997\/3385\/files\/handbag_btn.jpg?v=1731005294\" alt=\"Handbags\">\n<\/a>\n<\/div>\n<div class=\"wincoll 3\">\n<a href=\"\/collections\/accessories?pf_pt_category=Gloves\">\n<img src=\"https:\/\/cdn.shopify.com\/s\/files\/1\/0350\/8997\/3385\/files\/gloves_db8a2e10-e598-43f1-9513-d8c4fd24be95.jpg?v=1731004000\" alt=\"Gloves\">\n<\/a>\n\n<a class=\"acc_cta\" href=\"\/collections\/accessories?pf_pt_category=Gloves\">\n<img src=\"https:\/\/cdn.shopify.com\/s\/files\/1\/0350\/8997\/3385\/files\/golves_btn.jpg?v=1731005294\" alt=\"Gloves\">\n<\/a>\n<a class=\"acc_cta\" href=\"\/collections\/accessories?pf_pt_category=Hats\">\n<img src=\"https:\/\/cdn.shopify.com\/s\/files\/1\/0350\/8997\/3385\/files\/hats_btn_57d2964c-0f8f-4dbe-8009-6acb6e21ac4d.jpg?v=1731005294\" alt=\"Hats\">\n<\/a> \n\n<\/div>\n<\/div>\n<style>\n#shopify-section-custom_html_L6A4C7 .Container {\npadding: 0;\nmargin: 28px\n}\n.winterColl {\nwidth:100%;\ndisplay:flex;\n}\n.wincoll {\ndisplay: inline-block;\npadding-right: 20px \n}\n.wincoll img {\nmargin-top:0;\nmargin-bottom:3.3%;\n}\n.wincoll.\\33 {\npadding-right:0;\n}\n.acc_cta:hover {\nopacity:0.9;\n}\n.shopify-section--bordered>.Section--spacingNormal {\npadding:0;\n}\n@media screen and (max-width: 640px) {\n.winterColl {\ndisplay:inherit;\n}\n.wincoll {\npadding-right:0;\n}\n}\n<\/style>"}},"custom_html_GHBLf7":{"type":"custom-html","disabled":true,"settings":{"subheading":"#ElieTahari","title":"The latest trends straight from our Instagram","html":"<div data-crl8-container-id=\"homepage\"><\/div>\n<style>\n#shopify-section-custom_html_GHBLf7 .SectionHeader.SectionHeader--center {\nmargin-bottom:30px;\n}\n#shopify-section-custom_html_GHBLf7 .SectionHeader__SubHeading {\ntext-align: center;\n    text-transform: uppercase;\n    letter-spacing: 4px;\n    font-size: 2.1em;\n    margin-bottom: 0;\n    margin-top: 1em;\n    font-family: serif;\n}\n#shopify-section-custom_html_GHBLf7 .SectionHeader__Heading{\nfont-size:14px;\nmargin-top:0;\n}\n#crl8-homepage-carousel a {\ndisplay:none !important;\n}\n@media screen and (max-width: 600px) {\n#shopify-section-custom_html_GHBLf7 .SectionHeader__SubHeading {\nfont-size:19px;\n}\n#shopify-section-custom_html_GHBLf7 .SectionHeader__Heading {\nfont-size:14px;\n}\n}\n<\/style>"}},"collection_list_8JdEEQ":{"type":"collection-list","blocks":{"collection_gew6Tt":{"type":"collection","settings":{"collection":"","alt_text":"Handbags","image":"shopify:\/\/shop_images\/HANGBAGS_8219fa19-9c4a-4c26-9b06-72e922a469d5.jpg","image_alignment":"center center","content_position":"bottomLeft","subheading":"","subheading1":"","title":"","button_text":"Shop Handbags","button_link":"https:\/\/www.elietahari.com\/collections\/accessories?pf_pt_category=Handbags","apply_overlay":false}},"collection_am7UKm":{"type":"collection","settings":{"collection":"","alt_text":"Sunglasses","image":"shopify:\/\/shop_images\/SUNGLASSES_fa06059d-0914-4a10-b4c8-f2ce6107666b.jpg","image_alignment":"center center","content_position":"bottomLeft","subheading":"","subheading1":"","title":"","button_text":"Shop Sunglasses","button_link":"https:\/\/www.elietahari.com\/collections\/accessories?pf_pt_category=Sunglasses","apply_overlay":false}},"collection_Jwe4gp":{"type":"collection","settings":{"collection":"","alt_text":"Belts","image":"shopify:\/\/shop_images\/BELTS_7e5cf26e-0801-4063-a8e4-610654c063a7.jpg","image_alignment":"center center","content_position":"bottomLeft","subheading":"","subheading1":"","title":"","button_text":"Shop Belts","button_link":"https:\/\/www.elietahari.com\/collections\/accessories?pf_pt_category=Belts","apply_overlay":false}}},"block_order":["collection_gew6Tt","collection_am7UKm","collection_Jwe4gp"],"disabled":true,"settings":{"top_title":"","top_subheading":"","image_size":"normal","add_spacing":true,"expand_collection":false,"stack_on_mobile":true,"text_color":"#ffffff","button_color":"#363636"}},"background_video_NDDUDA":{"type":"background-video","disabled":true,"settings":{"section_size":"large","video_url":"https:\/\/youtu.be\/p-C2mkA4m6s"}},"custom_video_nGTa6g":{"type":"custom-video","settings":{"subheading":"Sub-heading","title":"Your HTML","html":"<div class=\"mobile_video\">\n<a class=\"overlay_links_patt\" href=\"https:\/\/www.elietahari.com\/collections\/new-arrivals\"><\/a>\n<div class=\"video-background-wrapper\">\n  <video autoplay=\"\" muted=\"\" loop=\"\" playsinline=\"\" class=\"video-background\">\n    <source src=\"https:\/\/cdn.shopify.com\/videos\/c\/o\/v\/16e0b38852c84bff881ea9276163176f.mp4\">\n    Your browser does not support the video tag.\n  <\/source><\/video>\n<!--<a class=\"bg_arrive\" href=\"https:\/\/www.elietahari.com\/collections\/new-arrivals\">Discover <span>SS'25<\/span><\/a>-->\n  \n<\/div>\n<\/div>"}},"custom_video_a7caFn":{"type":"custom-video","settings":{"subheading":"Sub-heading","title":"Your HTML","html":"<div class=\"desktop_video\">\n<a class=\"overlay_links_patt\" href=\"https:\/\/www.elietahari.com\/collections\/new-arrivals\"><\/a>\n<div class=\"video-background-wrapper\">\n  <video autoplay=\"\" muted=\"\" loop=\"\" playsinline=\"\" class=\"video-background\">\n    <source src=\"https:\/\/cdn.shopify.com\/videos\/c\/o\/v\/1370e0367d354d96b39f55f438b8cbcf.mp4\" type=\"video\/mp4\">\n    Your browser does not support the video tag.\n  <\/source><\/video>\n<!--<a class=\"bg_arrive\" href=\"https:\/\/www.elietahari.com\/collections\/new-arrivals\">Discover <span>SS'25<\/span><\/a>-->\n  \n<\/div>\n<\/div>"}},"custom_html_9nb6N3":{"type":"custom-html","custom_css":[],"name":"Custom HTML","settings":{"subheading":"","title":"","html":"<h2>Discover <span>High Summer' 25<\/span>\n<\/h2>\n<p>Summer, amplified. Define by bold prints, sunlit embroidery, and metal-kissed details, our High Summer' 25 collection arrives confidently. Crafted in crisp cottons, refined jerseys, and lightweight knits, each piece is a study in sophisticated ease. This is a wardrobe built for the woman who commands attention without asking for it - who knows that true style doesn't chase seasons, it sets the tone. Modern, Sensual, Unmistakably powerful. Summer, as only Elie Tahari envisions it.<\/p>\n<a href=\"\/collections\/new-arrivals\">Shop New Arrivals<\/a>"}}},"content_for_index":["custom_video_nGTa6g","custom_video_a7caFn","background_video_NDDUDA","1602604960126","custom_html_9nb6N3","160519067988801478","1584653594603","b788aa36-a716-4b53-b600-65d07202c333","slideshow","8c222879-771a-4b08-8191-e910b0c17f07","2cfb3080-fbdb-4539-86ff-0484fc686915","7bcadd53-4577-46a5-93e3-f1a4bac3c1b1","16306779332641a3fe","collection_list_8JdEEQ","6c829e26-bcf5-46d4-b331-e55ba6fc4053","95eca7ce-6a63-461c-b8df-debfa399a6c5","1586357429157","custom_html_L6A4C7","b40502cb-ea0e-47db-8c98-b10edb1ce946","1641830169284a086b","1614087118b0c21b19","custom_html_GHBLf7"],"blocks":{"8942208844547249051":{"type":"shopify:\/\/apps\/ultimate-gdpr-eu-cookie-banner\/blocks\/widget\/9ad66af2-f521-41c0-96ef-0e66c4e1d187","disabled":false,"settings":{}},"2153490007123654574":{"type":"shopify:\/\/apps\/consentmo-gdpr\/blocks\/gdpr_cookie_consent\/4fbe573f-a377-4fea-9801-3ee0858cae41","disabled":false,"settings":{}},"14060646107696862457":{"type":"shopify:\/\/apps\/judge-me-reviews\/blocks\/judgeme_core\/61ccd3b1-a9f2-4160-9fe9-4fec8413e5d8","disabled":false,"settings":{}},"14327677521557774844":{"type":"shopify:\/\/apps\/simprosys-google-shopping-feed\/blocks\/core_settings_block\/1f0b859e-9fa6-4007-97e8-4513aff5ff3b","disabled":false,"settings":{}},"855628211100114053":{"type":"shopify:\/\/apps\/klaviyo-email-marketing-sms\/blocks\/klaviyo-onsite-embed\/2632fe16-c075-4321-a88b-50b567f42507","disabled":false,"settings":{}}}},"presets":{"Allure":{"heading_color":"#1c1b1b","text_color":"#1c1b1b","text_light_color":"#6a6a6a","link_color":"#6a6a6a","background":"#efefef","light_background":"#ffffff","product_on_sale_color":"#f94c43","button_background":"#1c1b1b","button_text_color":"#ffffff","header_background":"#ffffff","header_heading_color":"#1c1b1b","header_light_color":"#6a6a6a","footer_background":"#ffffff","footer_heading_color":"#1c1b1b","footer_text_color":"#6a6a6a","newsletter_popup_background":"#1c1b1b","newsletter_popup_text_color":"#ffffff","secondary_elements_background":"#1c1b1b","secondary_elements_text_color":"#ffffff","navigation_background":"#1c1b1b","navigation_text_color":"#ffffff","heading_font":"montserrat_n5","heading_size":"small","uppercase_heading":true,"text_font":"nunito_sans_n4","base_text_font_size":14,"show_page_transition":true,"search_mode":"product,article","product_show_price_on_hover":false,"product_show_secondary_image":false,"product_info_alignment":"center","product_image_size":"natural","product_list_horizontal_spacing":"medium","product_list_vertical_spacing":"small","cart_type":"page","cart_enable_notes":true,"cart_show_free_shipping_threshold":false,"cart_free_shipping_threshold":"50","checkout_logo_position":"center","checkout_logo_size":"small","checkout_body_background_color":"#ffffff","checkout_input_background_color_mode":"white","checkout_sidebar_background_color":"#efefef","checkout_accent_color":"#1c1b1b","checkout_button_color":"#1c1b1b","sections":{"sidebar-menu":{"type":"sidebar-menu","settings":{"primary_menu":"main-menu","show_social_media":true}},"announcement":{"type":"announcement","settings":{"background":"#000000","text_color":"#ffffff","content":"Announce something here"}},"header":{"type":"header","settings":{"use_sticky_header":true,"logo_max_width":140,"navigation_menu":"main-menu","navigation_style":"inline","enable_transparent_header":true,"transparent_text_color":"#ffffff"}},"footer":{"type":"footer","blocks":{"footer-0":{"type":"text","settings":{"title":"About the shop","content":"<p>Use this text area to tell your customers about your brand and vision. You can change it in the theme settings.<\/p>","show_social_media":true}},"footer-1":{"type":"links","settings":{"menu":"footer"}},"footer-2":{"type":"newsletter","settings":{"title":"Newsletter","content":"<p>Subscribe to receive updates, access to exclusive deals, and more.<\/p>"}}},"block_order":["footer-0","footer-1","footer-2"],"settings":{"show_payment_methods":true}},"slideshow":{"type":"slideshow","blocks":{"slide-0":{"type":"image","settings":{"apply_overlay":true,"content_position":"bottomLeft","subheading":"Slide title","title":"Tell your story"}},"slide-1":{"type":"image","settings":{"apply_overlay":true,"content_position":"bottomLeft","subheading":"Slide title","title":"Tell your story"}}},"block_order":["slide-0","slide-1"],"settings":{"show_fullscreen":true,"show_arrow":false,"autoplay":true,"cycle_speed":5,"text_color":"#ffffff","button_color":"#363636"}},"featured-collections":{"type":"featured-collections","blocks":{"featured-collection-0":{"type":"collection","settings":{"grid_items_count":8,"button_text":"View all products"}}},"block_order":["featured-collection-0"],"settings":{"title":"Featured collection","layout_mode":"grid","show_product_info":true,"grid_mobile_items_per_row":"2","grid_desktop_items_per_row":4}},"collection-list":{"type":"collection-list","blocks":{"collection-0":{"type":"collection","settings":{"image_alignment":"center center","subheading":"Sub-heading","button_text":"View products","apply_overlay":true}},"collection-1":{"type":"collection","settings":{"image_alignment":"center center","subheading":"Sub-heading","button_text":"View products","apply_overlay":true}},"collection-2":{"type":"collection","settings":{"image_alignment":"center center","subheading":"Sub-heading","button_text":"View products","apply_overlay":true}}},"block_order":["collection-0","collection-1","collection-2"],"settings":{"add_spacing":true,"expand_collection":false,"text_color":"#ffffff","button_color":"#363636"}},"featured-product":{"type":"featured-product","settings":{"title":"Featured product","show_vendor":true,"show_description":true,"show_color_swatch":false,"show_color_carousel":false,"show_quantity_selector":true,"show_inventory_quantity":false,"inventory_quantity_threshold":3}},"timeline":{"type":"timeline","blocks":{"item-0":{"type":"item","settings":{"apply_overlay":true,"title":"2000","subheading":"Sub-heading","heading":"Heading","content":"<p>Add your own custom content to give more information about your store, availability details...<\/p>"}},"item-1":{"type":"item","settings":{"apply_overlay":true,"title":"2001","subheading":"Sub-heading","heading":"Heading","content":"<p>Add your own custom content to give more information about your store, availability details...<\/p>"}},"item-2":{"type":"item","settings":{"apply_overlay":true,"title":"2002","subheading":"Sub-heading","heading":"Heading","content":"<p>Add your own custom content to give more information about your store, availability details...<\/p>"}}},"block_order":["item-0","item-1","item-2"],"settings":{"text_color":"#ffffff"}},"blog-posts":{"type":"blog-posts","blocks":{"blog-0":{"type":"blog","settings":{"blog":"news"}}},"block_order":["blog-0"],"settings":{"title":"Featured article","show_category":false,"button_text":"View all articles"}},"shop-the-look":{"type":"shop-the-look","blocks":{"look-0":{"type":"look","settings":{"dot_style":"light","product_1_horizontal_position":30,"product_1_vertical_position":40,"product_2_horizontal_position":45,"product_2_vertical_position":65,"product_3_horizontal_position":70,"product_3_vertical_position":50}},"look-1":{"type":"look","settings":{"dot_style":"light","product_1_horizontal_position":25,"product_1_vertical_position":45,"product_2_horizontal_position":55,"product_2_vertical_position":30,"product_3_horizontal_position":65,"product_3_vertical_position":60}}},"block_order":["look-0","look-1"],"settings":{"subheading":"Shop","title":"Our looks"}},"collection-template":{"type":"collection-template","settings":{"show_collection_info":true,"show_collection_image":false,"show_sort_by":true,"show_layout_switch":false,"toolbar_position":"bottom","filter_position":"sidebar","filter_mode":"tag","show_filter_color_swatch":true,"grid_items_per_page":16,"grid_mobile_items_per_row":"2","grid_desktop_items_per_row":4}},"recently-viewed-products":{"type":"recently-viewed-products","settings":{"show_section":true,"title":"Recently viewed","show_product_info":true}},"collection-footer":{"type":"collection-footer","settings":{"show_section":false,"text_color":"#ffffff","apply_overlay":true,"title":"Our story","content":"<p>Add your own custom content to explain your processes...<\/p>"}},"product-template":{"type":"product-template","settings":{"show_share_buttons":true,"show_vendor":true,"show_color_swatch":false,"show_color_carousel":false,"show_quantity_selector":true,"show_inventory_quantity":false,"inventory_quantity_threshold":3,"image_size":"large","stack_images":true,"show_thumbnails":false,"enable_image_zoom":true,"reviews_enabled":false}},"product-recommendations":{"type":"product-recommendations","settings":{"show_product_recommendations":true,"show_product_info":true}}},"content_for_index":["slideshow","featured-collections","collection-list","featured-product","timeline","blog-posts","shop-the-look"]},"Couture":{"heading_color":"#5c5c5c","text_color":"#5c5c5c","text_light_color":"#939393","link_color":"#323232","background":"#ffffff","light_background":"#ffffff","product_on_sale_color":"#f94c43","button_background":"#5c5c5c","button_text_color":"#ffffff","header_background":"#ffffff","header_heading_color":"#5c5c5c","header_light_color":"#939393","footer_background":"#ffffff","footer_heading_color":"#5c5c5c","footer_text_color":"#939393","newsletter_popup_background":"#ffffff","newsletter_popup_text_color":"#1c1b1b","secondary_elements_background":"#5c5c5c","secondary_elements_text_color":"#ffffff","navigation_background":"#ffffff","navigation_text_color":"#5c5c5c","heading_font":"futura_n4","heading_size":"large","uppercase_heading":false,"text_font":"century_gothic_n4","base_text_font_size":15,"show_page_transition":true,"search_mode":"product,article","product_show_price_on_hover":true,"product_show_secondary_image":false,"product_info_alignment":"left","product_image_size":"natural","product_list_horizontal_spacing":"small","product_list_vertical_spacing":"small","cart_type":"page","cart_enable_notes":true,"cart_show_free_shipping_threshold":false,"cart_free_shipping_threshold":"50","checkout_logo_position":"center","checkout_logo_size":"small","checkout_body_background_color":"#fff","checkout_input_background_color_mode":"white","checkout_sidebar_background_color":"#fafafa","checkout_accent_color":"#323232","checkout_button_color":"#5c5c5c","sections":{"sidebar-menu":{"type":"sidebar-menu","settings":{"primary_menu":"main-menu","show_social_media":true}},"announcement":{"type":"announcement","settings":{"background":"#f3f3f3","text_color":"#5c5c5c","content":"Announce something here"}},"header":{"type":"header","settings":{"use_sticky_header":true,"logo_max_width":140,"navigation_menu":"main-menu","navigation_style":"center","enable_transparent_header":true,"transparent_text_color":"#ffffff"}},"footer":{"type":"footer","blocks":{"footer-0":{"type":"text","settings":{"title":"About the shop","content":"<p>Use this text area to tell your customers about your brand and vision. You can change it in the theme settings.<\/p>","show_social_media":true}},"footer-1":{"type":"links","settings":{"menu":"footer"}},"footer-2":{"type":"newsletter","settings":{"title":"Newsletter","content":"<p>Subscribe to receive updates, access to exclusive deals, and more.<\/p>"}}},"block_order":["footer-0","footer-1","footer-2"],"settings":{"show_payment_methods":true}},"slideshow":{"type":"slideshow","blocks":{"slide-0":{"type":"image","settings":{"apply_overlay":true,"content_position":"bottomLeft","subheading":"Slide title","title":"Tell your story"}},"slide-1":{"type":"image","settings":{"apply_overlay":true,"content_position":"bottomLeft","subheading":"Slide title","title":"Tell your story"}}},"block_order":["slide-0","slide-1"],"settings":{"show_fullscreen":true,"show_arrow":false,"autoplay":true,"cycle_speed":5,"text_color":"#ffffff","button_color":"#363636"}},"featured-collections":{"type":"featured-collections","blocks":{"featured-collection-0":{"type":"collection","settings":{"grid_items_count":8,"button_text":"View all products"}}},"block_order":["featured-collection-0"],"settings":{"title":"Featured collection","layout_mode":"grid","show_product_info":true,"grid_mobile_items_per_row":"2","grid_desktop_items_per_row":4}},"collection-list":{"type":"collection-list","blocks":{"collection-0":{"type":"collection","settings":{"image_alignment":"center center","subheading":"Sub-heading","button_text":"View products","apply_overlay":true}},"collection-1":{"type":"collection","settings":{"image_alignment":"center center","subheading":"Sub-heading","button_text":"View products","apply_overlay":true}},"collection-2":{"type":"collection","settings":{"image_alignment":"center center","subheading":"Sub-heading","button_text":"View products","apply_overlay":true}}},"block_order":["collection-0","collection-1","collection-2"],"settings":{"add_spacing":true,"expand_collection":false,"text_color":"#ffffff","button_color":"#363636"}},"featured-product":{"type":"featured-product","settings":{"title":"Featured product","show_vendor":true,"show_description":true,"show_color_swatch":false,"show_color_carousel":false,"show_quantity_selector":true,"show_inventory_quantity":false,"inventory_quantity_threshold":3}},"timeline":{"type":"timeline","blocks":{"item-0":{"type":"item","settings":{"apply_overlay":true,"title":"2000","subheading":"Sub-heading","heading":"Heading","content":"<p>Add your own custom content to give more information about your store, availability details...<\/p>"}},"item-1":{"type":"item","settings":{"apply_overlay":true,"title":"2001","subheading":"Sub-heading","heading":"Heading","content":"<p>Add your own custom content to give more information about your store, availability details...<\/p>"}},"item-2":{"type":"item","settings":{"apply_overlay":true,"title":"2002","subheading":"Sub-heading","heading":"Heading","content":"<p>Add your own custom content to give more information about your store, availability details...<\/p>"}}},"block_order":["item-0","item-1","item-2"],"settings":{"text_color":"#ffffff"}},"blog-posts":{"type":"blog-posts","blocks":{"blog-0":{"type":"blog","settings":{"blog":"news"}}},"block_order":["blog-0"],"settings":{"title":"Featured article","show_category":false,"button_text":"View all articles"}},"shop-the-look":{"type":"shop-the-look","blocks":{"look-0":{"type":"look","settings":{"dot_style":"light","product_1_horizontal_position":30,"product_1_vertical_position":40,"product_2_horizontal_position":45,"product_2_vertical_position":65,"product_3_horizontal_position":70,"product_3_vertical_position":50}},"look-1":{"type":"look","settings":{"dot_style":"light","product_1_horizontal_position":25,"product_1_vertical_position":45,"product_2_horizontal_position":55,"product_2_vertical_position":30,"product_3_horizontal_position":65,"product_3_vertical_position":60}}},"block_order":["look-0","look-1"],"settings":{"subheading":"Shop","title":"Our looks"}},"collection-template":{"type":"collection-template","settings":{"show_collection_info":true,"show_collection_image":false,"show_sort_by":true,"show_layout_switch":false,"toolbar_position":"bottom","filter_position":"sidebar","filter_mode":"tag","show_filter_color_swatch":true,"grid_items_per_page":16,"grid_mobile_items_per_row":"2","grid_desktop_items_per_row":4}},"recently-viewed-products":{"type":"recently-viewed-products","settings":{"show_section":true,"title":"Recently viewed","show_product_info":true}},"collection-footer":{"type":"collection-footer","settings":{"show_section":false,"text_color":"#ffffff","apply_overlay":true,"title":"Our story","content":"<p>Add your own custom content to explain your processes...<\/p>"}},"product-template":{"type":"product-template","settings":{"show_share_buttons":true,"show_vendor":true,"show_color_swatch":false,"show_color_carousel":false,"show_quantity_selector":true,"show_inventory_quantity":false,"inventory_quantity_threshold":3,"image_size":"large","stack_images":true,"show_thumbnails":false,"enable_image_zoom":true,"reviews_enabled":false}},"product-recommendations":{"type":"product-recommendations","settings":{"show_product_recommendations":true,"show_product_info":true}}},"content_for_index":["slideshow","featured-collections","collection-list","featured-product","timeline","blog-posts","shop-the-look"]},"Vogue":{"heading_color":"#454545","text_color":"#454545","text_light_color":"#9d9d9d","link_color":"#a17c5e","background":"#ffffff","light_background":"#ffffff","product_on_sale_color":"#f94c43","button_background":"#c2a284","button_text_color":"#ffffff","header_background":"#ffffff","header_heading_color":"#454545","header_light_color":"#9d9d9d","footer_background":"#ffffff","footer_heading_color":"#454545","footer_text_color":"#9d9d9d","newsletter_popup_background":"#454545","newsletter_popup_text_color":"#ffffff","secondary_elements_background":"#f1e4d8","secondary_elements_text_color":"#373737","navigation_background":"#454545","navigation_text_color":"#ffffff","heading_font":"din_neuzeit_grotesk_n3","heading_size":"small","uppercase_heading":true,"text_font":"futura_n4","base_text_font_size":14,"show_page_transition":true,"show_element_staggering":false,"search_mode":"product,article","product_show_price_on_hover":true,"product_show_secondary_image":false,"product_info_alignment":"center","product_image_size":"natural","product_list_horizontal_spacing":"medium","product_list_vertical_spacing":"small","cart_type":"page","cart_enable_notes":true,"cart_show_free_shipping_threshold":false,"cart_free_shipping_threshold":"50","checkout_logo_position":"left","checkout_logo_size":"medium","checkout_body_background_color":"#fff","checkout_input_background_color_mode":"white","checkout_sidebar_background_color":"#fafafa","checkout_accent_color":"#a17c5e","checkout_button_color":"#454545","sections":{"sidebar-menu":{"type":"sidebar-menu","settings":{"primary_menu":"main-menu","show_social_media":true}},"announcement":{"type":"announcement","settings":{"background":"#f1e4d8","text_color":"#343434","content":"Announce something here"}},"header":{"type":"header","settings":{"use_sticky_header":true,"logo_max_width":140,"navigation_menu":"main-menu","navigation_style":"inline","enable_transparent_header":true,"transparent_text_color":"#ffffff"}},"footer":{"type":"footer","blocks":{"footer-0":{"type":"text","settings":{"title":"About the shop","content":"<p>Use this text area to tell your customers about your brand and vision. You can change it in the theme settings.<\/p>","show_social_media":true}},"footer-1":{"type":"links","settings":{"menu":"footer"}},"footer-2":{"type":"newsletter","settings":{"title":"Newsletter","content":"<p>Subscribe to receive updates, access to exclusive deals, and more.<\/p>"}}},"block_order":["footer-0","footer-1","footer-2"],"settings":{"show_payment_methods":true}},"slideshow":{"type":"slideshow","blocks":{"slide-0":{"type":"image","settings":{"apply_overlay":true,"content_position":"bottomLeft","subheading":"Slide title","title":"Tell your story"}},"slide-1":{"type":"image","settings":{"apply_overlay":true,"content_position":"bottomLeft","subheading":"Slide title","title":"Tell your story"}}},"block_order":["slide-0","slide-1"],"settings":{"show_fullscreen":true,"show_arrow":false,"autoplay":true,"cycle_speed":5,"text_color":"#ffffff","button_color":"#363636"}},"featured-collections":{"type":"featured-collections","blocks":{"featured-collection-0":{"type":"collection","settings":{"grid_items_count":8,"button_text":"View all products"}}},"block_order":["featured-collection-0"],"settings":{"title":"Featured collection","layout_mode":"grid","show_product_info":true,"grid_mobile_items_per_row":"2","grid_desktop_items_per_row":4}},"collection-list":{"type":"collection-list","blocks":{"collection-0":{"type":"collection","settings":{"image_alignment":"center center","subheading":"Sub-heading","button_text":"View products","apply_overlay":true}},"collection-1":{"type":"collection","settings":{"image_alignment":"center center","subheading":"Sub-heading","button_text":"View products","apply_overlay":true}},"collection-2":{"type":"collection","settings":{"image_alignment":"center center","subheading":"Sub-heading","button_text":"View products","apply_overlay":true}}},"block_order":["collection-0","collection-1","collection-2"],"settings":{"add_spacing":true,"expand_collection":false,"text_color":"#ffffff","button_color":"#363636"}},"featured-product":{"type":"featured-product","settings":{"title":"Featured product","show_vendor":true,"show_description":true,"show_color_swatch":false,"show_color_carousel":false,"show_quantity_selector":true,"show_inventory_quantity":false,"inventory_quantity_threshold":3}},"timeline":{"type":"timeline","blocks":{"item-0":{"type":"item","settings":{"apply_overlay":true,"title":"2000","subheading":"Sub-heading","heading":"Heading","content":"<p>Add your own custom content to give more information about your store, availability details...<\/p>"}},"item-1":{"type":"item","settings":{"apply_overlay":true,"title":"2001","subheading":"Sub-heading","heading":"Heading","content":"<p>Add your own custom content to give more information about your store, availability details...<\/p>"}},"item-2":{"type":"item","settings":{"apply_overlay":true,"title":"2002","subheading":"Sub-heading","heading":"Heading","content":"<p>Add your own custom content to give more information about your store, availability details...<\/p>"}}},"block_order":["item-0","item-1","item-2"],"settings":{"text_color":"#ffffff"}},"blog-posts":{"type":"blog-posts","blocks":{"blog-0":{"type":"blog","settings":{"blog":"news"}}},"block_order":["blog-0"],"settings":{"title":"Featured article","show_category":false,"button_text":"View all articles"}},"shop-the-look":{"type":"shop-the-look","blocks":{"look-0":{"type":"look","settings":{"dot_style":"light","product_1_horizontal_position":30,"product_1_vertical_position":40,"product_2_horizontal_position":45,"product_2_vertical_position":65,"product_3_horizontal_position":70,"product_3_vertical_position":50}},"look-1":{"type":"look","settings":{"dot_style":"light","product_1_horizontal_position":25,"product_1_vertical_position":45,"product_2_horizontal_position":55,"product_2_vertical_position":30,"product_3_horizontal_position":65,"product_3_vertical_position":60}}},"block_order":["look-0","look-1"],"settings":{"subheading":"Shop","title":"Our looks"}},"collection-template":{"type":"collection-template","settings":{"show_collection_info":true,"show_collection_image":false,"show_sort_by":true,"show_layout_switch":false,"toolbar_position":"bottom","filter_position":"sidebar","filter_mode":"tag","show_filter_color_swatch":true,"grid_items_per_page":16,"grid_mobile_items_per_row":"2","grid_desktop_items_per_row":4}},"recently-viewed-products":{"type":"recently-viewed-products","settings":{"show_section":true,"title":"Recently viewed","show_product_info":true}},"collection-footer":{"type":"collection-footer","settings":{"show_section":false,"text_color":"#ffffff","apply_overlay":true,"title":"Our story","content":"<p>Add your own custom content to explain your processes...<\/p>"}},"product-template":{"type":"product-template","settings":{"show_share_buttons":true,"show_vendor":true,"show_color_swatch":false,"show_color_carousel":false,"show_quantity_selector":true,"show_inventory_quantity":false,"inventory_quantity_threshold":3,"image_size":"large","stack_images":true,"show_thumbnails":false,"enable_image_zoom":true,"reviews_enabled":false}},"product-recommendations":{"type":"product-recommendations","settings":{"show_product_recommendations":true,"show_product_info":true}}},"content_for_index":["slideshow","featured-collections","collection-list","featured-product","timeline","blog-posts","shop-the-look"]}}}