{"sections":{"1730306629eb27e411":{"type":"apps","blocks":{"echo_checkout_blocks_bundle_builder_KVW7Hf":{"type":"shopify:\/\/apps\/echo-checkout-blocks-bundle\/blocks\/builder\/61425882-70db-4d69-a5ca-28b1ba74fb6b","settings":{"sidebar_title":"Bundle & Save","sidebar_description":"<p>Bundle and save with our selection of products<\/p>","min_products":2,"sidebar_cta_before_threshold":"Add 2+ products to your bundle","sidebar_cta":"Checkout and Save","discount_badge":"x_discount% OFF","show_progress_bar":true,"show_discounted_price":true,"discount_object":"{ 2: 10 , 3: 15, 4: 20 }","add_to_bundle":"Add to bundle","remove_from_bundle":"Remove from bundle","item_name":"Item","out_of_stock":"All stock in your cart","subtotal":"Subtotal:","link_products":true,"show_variants_selector":true,"section1_title":"T Tahari Sweater","section1_products":["s-l-mock-nk-po-thf43015-soft-moss","l-s-crew-nk-cable-po-thf48039-hazelwood","l-s-crew-nk-cable-po-thf48039-black","texture-t-neck-swtr-er5xm504-blue-dusk","texture-t-neck-swtr-er5xm504-snow"],"section2_title":"","section2_products":[],"section3_title":"","section3_products":[],"section4_title":"","section4_products":[],"section5_title":"","section5_products":[]}}},"block_order":["echo_checkout_blocks_bundle_builder_KVW7Hf"],"settings":{}},"about_UcDUMY":{"type":"about","disabled":true,"settings":{"elie":"<p>For 50 years, Elie Tahari ‘s keen understanding of fashion and design has ensured him a unique position in the luxury world. The internationally-renowned brand has a global presence and has come to define modern sophistication with the designer inspired collections of understated grace and elegance.<\/p>","image_position":"right"}},"collection_list_38KXnQ":{"type":"collection-list","blocks":{"collection_Rc3HiB":{"type":"collection","settings":{"collection":"","alt_text":"","image":"shopify:\/\/shop_images\/ASPOT_MOBILE.jpg","image_alignment":"center center","content_position":"bottomLeft","subheading":"Sub-heading","subheading1":"Sub-heading","title":"Collection name","button_text":"View products","button_link":"","apply_overlay":true}},"collection_t39XRk":{"type":"collection","settings":{"collection":"","alt_text":"","image":"shopify:\/\/shop_images\/ASPOT_MOBILE.jpg","image_alignment":"center center","content_position":"bottomLeft","subheading":"Sub-heading","subheading1":"Sub-heading","title":"Collection name","button_text":"View products","button_link":"","apply_overlay":true}},"collection_VbfWDG":{"type":"collection","settings":{"collection":"","alt_text":"","image":"shopify:\/\/shop_images\/ASPOT_MOBILE.jpg","image_alignment":"center center","content_position":"bottomLeft","subheading":"Sub-heading","subheading1":"Sub-heading","title":"Collection name","button_text":"View products","button_link":"","apply_overlay":true}}},"block_order":["collection_Rc3HiB","collection_t39XRk","collection_VbfWDG"],"disabled":true,"settings":{"top_title":"Discover More","top_subheading":"","image_size":"normal","add_spacing":true,"expand_collection":false,"stack_on_mobile":true,"text_color":"#ffffff","button_color":"#363636"}}},"order":["1730306629eb27e411","about_UcDUMY","collection_list_38KXnQ"]}