{"sections":{"main":{"type":"slideshow","blocks":{"image_6J7tFP":{"type":"image","settings":{"image":"shopify:\/\/shop_images\/Aspot_Desktop_456bd4e6-fed2-4522-a773-096baeb5fb11.jpg","mobile_image":"shopify:\/\/shop_images\/Aspot_Mobile_cf375508-2cc9-4e08-b504-02c458084524.jpg","apply_overlay":false,"content_position":"bottomLeft","subheading":"","title":"","aria_text":"","button_1_text":"","button_1_link":"shopify:\/\/collections\/50th-anniversary","button_2_text":"","button_2_link":""}}},"block_order":["image_6J7tFP"],"settings":{"show_fullscreen":false,"show_arrow":false,"autoplay":false,"cycle_speed":5,"text_color":"#ffffff","button_color":"#363636","button_background":"#ffffff"}},"navigation_pmKRbn":{"type":"navigation","blocks":{"mega_menu_hADGm3":{"type":"mega_menu","settings":{"navigation_mega_menu":"","push_1_heading":"Example heading","push_1_subheading":"Example sub-heading","push_1_url":"","push_2_heading":"Example heading","push_2_subheading":"Example sub-heading","push_2_url":""}}},"block_order":["mega_menu_hADGm3"],"disabled":true,"settings":{"use_sticky_header":true,"logo_max_width":140,"mobile_logo_max_width":90,"show_currency_selector":true,"show_locale_selector":true,"navigation_menu":"anniversary-menu","navigation_style":"inline","show_icons":false,"enable_transparent_header":false,"enable_transparent_header_collection":false,"show_transparent_header_border":true,"transparent_text_color":"#ffffff"}},"collection_list_emHcAt":{"type":"collection-list","blocks":{"collection_Hg6PKp":{"type":"collection","settings":{"collection":"","alt_text":"","image":"shopify:\/\/shop_images\/ModernIcon.jpg","image_alignment":"center center","content_position":"bottomLeft","subheading":"Sub-heading","subheading1":"Sub-heading","title":"Collection name","button_text":"View products","button_link":"shopify:\/\/products\/metallic-puff-sl-blz-e9029104-black-multi","apply_overlay":true}},"collection_7w4cPW":{"type":"collection","settings":{"collection":"","alt_text":"","image":"shopify:\/\/shop_images\/VISIONAIRE_cd0a6295-40be-430a-81c6-6f02bcaa9aa9.jpg","image_alignment":"center center","content_position":"bottomLeft","subheading":"Sub-heading","subheading1":"Sub-heading","title":"Collection name","button_text":"View products","button_link":"shopify:\/\/products\/ombre-sequin-dress-e905u604-golds","apply_overlay":true}},"collection_YrTcb9":{"type":"collection","settings":{"collection":"","alt_text":"","image":"shopify:\/\/shop_images\/Art_Soul.jpg","image_alignment":"center center","content_position":"bottomLeft","subheading":"Sub-heading","subheading1":"Sub-heading","title":"Collection name","button_text":"View products","button_link":"shopify:\/\/products\/side-pleated-pant-e903n204-black","apply_overlay":true}}},"block_order":["collection_Hg6PKp","collection_7w4cPW","collection_YrTcb9"],"settings":{"top_title":"50TH ANNIVERSARY CAPSULE","top_subheading":"Crafting the future with a nod to the past","image_size":"normal","add_spacing":true,"expand_collection":false,"stack_on_mobile":true,"text_color":"#ffffff","button_color":"#363636"}},"custom_html_WKVMBN":{"type":"custom-html","settings":{"subheading":"","title":"","html":"<div class=\"coll_anniversary\">\n<div class=\"anni_image\">\n<img src=\"https:\/\/cdn.shopify.com\/s\/files\/1\/0350\/8997\/3385\/files\/TheArtistsWay_48c59969-0118-42fd-b974-7a43a0de8013.jpg?v=1725392860\">\n<\/div>\n<div class=\"anni_content\">\n<h2>Through the Designer’s Eye<\/h2>\n<p>Chic and elegant our plisse velvet’s plush texture is the epitome of luxury. Designed with intricate detailing and embroidery, this jacket is the definition of designer.<\/p>\n<a href=\"\/products\/velvet-detail-jacket-e905n104-burgundy\">Shop The Look<\/a>\n<\/div>\n<\/div>\n<div class=\"callout_background\"><\/div>\n<style>\n@media only screen and (max-width: 700px) {\n#shopify-section-template--17708472729737__custom_html_WKVMBN .coll_anniversary {\nflex-direction: column;\n    padding: 0 10%;\n}\n#shopify-section-template--17708472729737__custom_html_WKVMBN .coll_anniversary .anni_image {\npadding:0;\n}\n#shopify-section-template--17708472729737__custom_html_WKVMBN .coll_anniversary .anni_content {\nmargin:0;\n}\n#shopify-section-template--17708472729737__custom_html_WKVMBN .coll_anniversary .anni_content h2 {\nfont-size: 1.2em;\n    margin-top: 14px;\n}\n#shopify-section-template--17708472729737__custom_html_WKVMBN .coll_anniversary .anni_content p {\nfont-size: 0.9em;\n}\n#shopify-section-template--17708472729737__custom_html_WKVMBN .Section--spacingNormal .Container .callout_background {\nposition: absolute;\n        background: #D2E3ED;\n        width: 90%;\n        height: 340px;\n        left: 0;\n        bottom: 20px;\n}\n}\n@media only screen and (max-width: 1199px) {\n  #shopify-section-template--17708472729737__custom_html_WKVMBN .coll_anniversary {\nmax-width:900px;\n}\n.coll_anniversary .anni_image {\n    padding-right: 10%;\n    flex: 0 0 53%;\n}\n#shopify-section-template--17708472729737__custom_html_WKVMBN .Container .callout_background {\n    position: absolute;\n    background: #D2E3ED;\n    width: 44%;\n    height: 310px;\n    left: 0;\n    bottom: 0;\n}\n.coll_anniversary .anni_content {\n    flex: 0 0 40%;\n    margin-top: 100px;\n}\n.coll_anniversary .anni_content h2 {\nfont-size:1.3em;\n}\n.coll_anniversary .anni_content p {\n    font-size: 1em;\n}\n}\n#shopify-section-template--17708472729737__custom_html_WKVMBN {\nposition:relative;\nmargin:5% 0;\n}\n#shopify-section-template--17708472729737__custom_html_WKVMBN .Container {\npadding:0;\n}\n.coll_anniversary {\ndisplay:flex;\nmax-width:1200px;\nwidth:100%;\nmargin:0 auto;\nposition:relative;\nz-index:2;\n}\n.anni_image {\npadding-right:10%;\n    flex: 0 0 60%;\n}\n.anni_image img{\nmargin:0;\n}\n.anni_content {\nflex: 0 0 30%;\nmargin-top:10%;\n}\n.anni_content h2 {\n    letter-spacing: normal;\n    font-weight: 500;\n    font-family: serif;\n    font-size: 1.8em;\n    line-height: normal;\n    text-align: left;\n    width: 75%;\n}\n.anni_content p {\nfont-size: 1.2em;\n    text-align: left;\n    line-height: normal;\n    font-style: italic;\n}\n.anni_content a {\ntext-align: left;\n    width: 100%;\n    display: inline-block;\n    color: #000;\n    text-transform: uppercase;\n    font-weight: 600;\n}\n#shopify-section-template--17708472729737__custom_html_WKVMBN .callout_background {\nposition: absolute;\n    background: #D2E3ED; \n    width: 50%;\n    height: 620px;\n    left: 0;\n    bottom: 0;\n}\n\n<\/style>"}},"custom_html_RRXgQT":{"type":"custom-html","settings":{"subheading":"","title":"","html":"<div class=\"coll_anniversary1\">\n<div class=\"anni_image\">\n<img src=\"https:\/\/cdn.shopify.com\/s\/files\/1\/0350\/8997\/3385\/files\/C2A.jpg?v=1725394027\">\n<\/div>\n<div class=\"anni_content\">\n<h2>In the Artist’s Studio<\/h2>\n<p>A playful floral silk burnout adorns our signature overlay pants delivering a mesmerizing visual effect that is only elevated further by the sweater’s intricate embroidery and beading.<\/p>\n<a href=\"\/products\/shdw-brnt-overlay-pt-e906c204-black\">Shop The Look<\/a>\n<\/div>\n<img class=\"extra-image\" src=\"https:\/\/cdn.shopify.com\/s\/files\/1\/0350\/8997\/3385\/files\/C2B.jpg?v=1725394027\">\n<\/div>\n<div class=\"callout_background\"><\/div>\n<style>\n@media only screen and (max-width: 500px) {\n#shopify-section-template--17708472729737__custom_html_RRXgQT.shopify-section {\nmargin-bottom:5%;\n}\n#shopify-section-template--17708472729737__custom_html_RRXgQT .Section.Section--spacingNormal {\npadding-bottom:0;\n}\n#shopify-section-template--17708472729737__custom_html_RRXgQT .coll_anniversary1 {\nflex-direction: column;\n}\n#shopify-section-template--17708472729737__custom_html_RRXgQT .callout_background {\nbottom: inherit;\n    top: 0;\n}\n#shopify-section-template--17708472729737__custom_html_RRXgQT .coll_anniversary1 .anni_content {\npadding: 0 10%;\n}\n#shopify-section-template--17708472729737__custom_html_RRXgQT .coll_anniversary1 .anni_content h2 {\nmargin-top:0;\n}\n#shopify-section-template--17708472729737__custom_html_RRXgQT .Section.Section--spacingNormal .coll_anniversary1 .extra-image {\n        position: absolute;\n        width: 134px;\n        right: inherit;\n        bottom: inherit;\n        left: 21px;\n        top: -30px;\n        margin: 0;\n    }\n#shopify-section-template--17434194182281__custom_html_GCi6H8 .Section.Section--spacingNormal {\npadding-top:0\n}\n}\n@media only screen and (max-width: 700px) {\n#shopify-section-template--17708472729737__custom_html_RRXgQT .coll_anniversary1 .anni_image {\npadding: 5%;\n}\n#shopify-section-template--17708472729737__custom_html_RRXgQT .coll_anniversary1 .anni_content {\nflex: 0 0 36%;\n    margin-top: 0;\n}\n#shopify-section-template--17708472729737__custom_html_RRXgQT .coll_anniversary1 .anni_content h2 {\nfont-size: 1.3em;\n}\n#shopify-section-template--17708472729737__custom_html_RRXgQT .coll_anniversary1 .anni_content p {\nfont-size:1em;\n}\n#shopify-section-template--17708472729737__custom_html_RRXgQT .coll_anniversary1 .extra-image {\nposition: absolute;\n    width: 150px;\n    right: -80px;\n    bottom: -180px;\nleft:0;\n}\n#shopify-section-template--17708472729737__custom_html_RRXgQT .Section Section--spacingNormal .callout_background {\nwidth: 50%;\n    height: 480px;\n    right: 0;\n    bottom: 0;\n}\n}\n#shopify-section-template--17708472729737__custom_html_RRXgQT {\nposition:relative;\nmargin:5% 0 15% 0;\nborder:none;\n}\n#shopify-section-template--17708472729737__custom_html_RRXgQT .Container {\npadding:0;\n}\n.coll_anniversary1 {\ndisplay:flex;\nmax-width:1200px;\nwidth:100%;\nmargin:0 auto;\nposition:relative;\nz-index:2;\nflex-direction: row-reverse;\n}\n.coll_anniversary1 .anni_image {\npadding-left:10%;\n    flex: 0 0 60%;\n}\n.coll_anniversary1 .anni_image img{\nmargin:0;\n}\n.coll_anniversary1 .anni_content {\nflex: 0 0 30%;\nmargin-top:10%;\n}\n.coll_anniversary1 .anni_content h2 {\n    letter-spacing: normal;\n    font-weight: 500;\n    font-family: serif;\n    font-size: 1.8em;\n    line-height: normal;\n    text-align: left;\n    width: 75%;\n}\n.coll_anniversary1 .anni_content p {\nfont-size: 1.2em;\n    text-align: left;\n    line-height: normal;\n    font-style: italic;\n}\n.coll_anniversary1 .anni_content a {\ntext-align: left;\n    width: 100%;\n    display: inline-block;\n    color: #000;\n    text-transform: uppercase;\n    font-weight: 600;\n}\n#shopify-section-template--17558977413257__custom_html_RRXgQT .callout_background {\nposition: absolute;\n    background: #D2E3ED;\n    width: 50%;\n    height: 480px;\n    right: 0;\n    bottom: 0;\n}\n.coll_anniversary1  .extra-image {\nposition: absolute;\n    width: 300px;\n    left: 510px;\n    bottom: -200px;\n}\n<\/style>"}},"custom_html_GCi6H8":{"type":"custom-html","settings":{"subheading":"","title":"","html":"<div class=\"coll_anniversary coll_anniversary2\">\n<div class=\"anni_image\">\n<img src=\"https:\/\/cdn.shopify.com\/s\/files\/1\/0350\/8997\/3385\/files\/C3.jpg?v=1725455366\">\n<\/div>\n<div class=\"anni_content\">\n<h2>UNAPOLOGETICALLY GLAM<\/h2>\n<p>Make an unforgettable entrance in a dress that effortlessly captivates with its artistry. The draped neckline and Italian jewelry strap detail adds a touch of opulence.<\/p>\n<a href=\"\/products\/chain-ruched-dress-e905t614-black\">Shop The Look<\/a>\n<\/div>\n<\/div>\n<div class=\"callout_background ony\"><\/div>\n<style>\n@media only screen and (max-width: 700px) {\n#shopify-section-template--17708472729737__custom_html_GCi6H8 .coll_anniversary.coll_anniversary2 {\nflex-direction: column;\n    padding: 10%;\n}\n#shopify-section-template--17708472729737__custom_html_GCi6H8 .coll_anniversary.coll_anniversary2 .anni_content {\npadding: 0;\nmargin-top:20px;\n}\n#shopify-section-template--17708472729737__custom_html_GCi6H8 .coll_anniversary .anni_content h2 {\nmargin-top:0;\n}\n#shopify-section-template--17708472729737__custom_html_GCi6H8 .Section--spacingNormal .Container .callout_background.ony {\nwidth: 94%;\n        height: 300px;\n        right: 0;\n        bottom: 70px;\n        left: inherit;\n}\n}\n@media only screen and (max-width: 1199px) {\n  #shopify-section-template--17708472729737__custom_html_GCi6H8 .coll_anniversary2 {\nmax-width:900px;\n}\n.coll_anniversary2 .anni_image {\n    padding-right: 10%;\n    flex: 0 0 53%;\n}\n#shopify-section-template--17708472729737__custom_html_GCi6H8 .Container .callout_background {\n    position: absolute;\n    background: #D2E3ED;\n    width: 44%;\n    height: 310px;\n    left: 0;\n    bottom: 0;\n}\n#shopify-section-template--17708472729737__custom_html_GCi6H8 .coll_anniversary2 .anni_content {\n    flex: 0 0 50%;\n    margin-top: 0;\npadding-top:272px;\n}\n.coll_anniversary.coll_anniversary2 .anni_content p{\nfont-size:1em;\n}\n#shopify-section-template--17708472729737__custom_html_GCi6H8 .Container .callout_background.ony {\nposition: absolute;\n        background: #D2E3ED;\n        width: 54%;\n        height: 310px;\n        left: 0;\n        bottom: 0;\n}\n}\n#shopify-section-template--17708472729737__custom_html_GCi6H8 {\nborder:none;\n}\n#shopify-section-template--17708472729737__custom_html_GCi6H8 {\nposition:relative;\nmargin:5% 0;\n}\n#shopify-section-template--17708472729737__custom_html_GCi6H8 .Container {\npadding:0;\n}\n.coll_anniversary2 {\ndisplay:flex;\nmax-width:1200px;\nwidth:100%;\nmargin:0 auto;\nposition:relative;\nz-index:2;\n}\n.coll_anniversary2 {\nflex-direction: row-reverse;\n}\n.coll_anniversary2 .anni_image {\npadding-right:0;\n    flex: 0 0 50%;\npadding-left:2%;\n}\n.coll_anniversary2 .anni_image img{\nmargin:0;\n}\n.coll_anniversary2 .anni_content {\nflex: 0 0 40%;\nmargin-top:28%;\n}\ncoll_anniversary2 .anni_content h2 {\n    letter-spacing: normal;\n    font-weight: 500;\n    font-family: serif;\n    font-size: 1.8em;\n    line-height: normal;\n    text-align: left;\n    width: 75%;\n}\n.coll_anniversary .anni_content p {\nfont-size: 1.2em;\n    text-align: left;\n    line-height: normal;\n    font-style: italic;\n}\n.coll_anniversary2 .anni_content a {\ntext-align: left;\n    width: 100%;\n    display: inline-block;\n    color: #000;\n    text-transform: uppercase;\n    font-weight: 600;\n}\n#shopify-section-template--17708472729737__custom_html_GCi6H8 .callout_background {\nposition: absolute;\n    background: #D2E3ED;\n    width: 52%;\n    height: 470px;\n    left: 0;\n    bottom: 0;\n}\n<\/style>"}},"slideshow_4wgPGy":{"type":"slideshow","blocks":{"image_aP6Lmc":{"type":"image","settings":{"image":"shopify:\/\/shop_images\/SirenCall_Desktop.jpg","mobile_image":"shopify:\/\/shop_images\/SirenCall_Mobile.jpg","apply_overlay":false,"content_position":"bottomLeft","subheading":"","title":"","aria_text":"","button_1_text":"","button_1_link":"https:\/\/www.elietahari.com\/collections\/50th-anniversary?pf_pt_category=Dresses","button_2_text":"","button_2_link":""}}},"block_order":["image_aP6Lmc"],"settings":{"show_fullscreen":false,"show_arrow":false,"autoplay":false,"cycle_speed":5,"text_color":"#ffffff","button_color":"#363636","button_background":"#ffffff"}},"collection_list_grqG7B":{"type":"collection-list","blocks":{"collection_iEMDEA":{"type":"collection","settings":{"collection":"","alt_text":"","image":"shopify:\/\/shop_images\/TOPS_008113e2-b98f-4a9b-af1f-a744fa9a5fc2.jpg","image_alignment":"center center","content_position":"bottomLeft","subheading":"with a feminine Edge","subheading1":"","title":"Effortless Glamour","button_text":"Shop Tops","button_link":"https:\/\/www.elietahari.com\/collections\/50th-anniversary?pf_pt_category=Tops&pf_pt_category=Sweaters&pf_pt_category=Knits","apply_overlay":true}},"collection_VbFfR6":{"type":"collection","settings":{"collection":"","alt_text":"","image":"shopify:\/\/shop_images\/DRESSES_b7116bb6-3d11-4230-bd82-c085afa3b0c8.jpg","image_alignment":"center center","content_position":"bottomLeft","subheading":"Scene Stealing Elegance","subheading1":"","title":"Undeniable Drama","button_text":"Shop Dresses","button_link":"https:\/\/www.elietahari.com\/collections\/50th-anniversary?pf_pt_category=Dresses","apply_overlay":true}},"collection_K6mbLN":{"type":"collection","settings":{"collection":"","alt_text":"","image":"shopify:\/\/shop_images\/JACKETS_12dc8765-3d3d-42f9-a80c-63ea12932c9b.jpg","image_alignment":"center center","content_position":"bottomLeft","subheading":"Meets Chic Sophistication","subheading1":"Sub-heading","title":"Designer Attitude","button_text":"Shop Jackets","button_link":"https:\/\/www.elietahari.com\/collections\/50th-anniversary?pf_pt_category=Jackets","apply_overlay":true}},"collection_mn3VaV":{"type":"collection","settings":{"collection":"","alt_text":"","image":"shopify:\/\/shop_images\/PANTS_c7d40da3-4fab-4c90-a8a5-e218f972d3c2.jpg","image_alignment":"center center","content_position":"bottomLeft","subheading":"Step Out In Style","subheading1":"Sub-heading","title":"Refined Luxury","button_text":"Shop Pants","button_link":"https:\/\/www.elietahari.com\/collections\/50th-anniversary?pf_pt_category=Pants&pf_pt_category=Skirts","apply_overlay":false}}},"block_order":["collection_iEMDEA","collection_VbFfR6","collection_K6mbLN","collection_mn3VaV"],"settings":{"top_title":"Elie Tahari","top_subheading":"Elie Tahari","image_size":"normal","add_spacing":true,"expand_collection":false,"stack_on_mobile":true,"text_color":"#ffffff","button_color":"#363636"}}},"order":["main","navigation_pmKRbn","collection_list_emHcAt","custom_html_WKVMBN","custom_html_RRXgQT","custom_html_GCi6H8","slideshow_4wgPGy","collection_list_grqG7B"]}