{"sections":{"main":{"type":"featured-collections","blocks":{"a3a1f6d9-57f6-4ecd-9c58-9efaf8070e71":{"type":"collection","settings":{"collection":"elie-tahari-coats","title":"Elie Tahari Collection","grid_items_count":16,"button_text":"View all products"}}},"block_order":["a3a1f6d9-57f6-4ecd-9c58-9efaf8070e71"],"settings":{"title":"Coats","layout_mode":"grid","show_product_info":true,"show_vendor":false,"show_color_swatch":false,"grid_mobile_items_per_row":"2","grid_desktop_items_per_row":4}},"02b77df0-c7da-42c9-bbb6-472b87aa847d":{"type":"featured-collections","blocks":{"template--15570499141769__02b77df0-c7da-42c9-bbb6-472b87aa847d-collection-1":{"type":"collection","settings":{"collection":"tahari_coats","title":"","grid_items_count":16,"button_text":"View all products"}}},"block_order":["template--15570499141769__02b77df0-c7da-42c9-bbb6-472b87aa847d-collection-1"],"settings":{"title":"Tahari","layout_mode":"grid","show_product_info":true,"show_vendor":false,"show_color_swatch":false,"grid_mobile_items_per_row":"2","grid_desktop_items_per_row":4}}},"order":["main","02b77df0-c7da-42c9-bbb6-472b87aa847d"]}