{"sections":{"8b4c5ab2-1e16-4c1f-9268-8e2eba8897a8":{"type":"banner","settings":{"image":"shopify:\/\/shop_images\/Specials_CS_LadningPage_Desktop.jpg","mobile_image":"shopify:\/\/shop_images\/Special_CS_LandingPage_Aspot_Mobile.jpg","img_url":"shopify:\/\/collections\/cyber-special-outlet"}},"f8e018ec-7bbb-409f-b7bf-25974da752d9":{"type":"banner","settings":{"image":"shopify:\/\/shop_images\/Extra_CS_LadningPage_Desktop.jpg","mobile_image":"shopify:\/\/shop_images\/Extra_CS_LandingPage_Aspot_Mobile.jpg","img_url":"shopify:\/\/collections\/black-friday-outlet"}},"de9846e5-7af9-4204-aaa4-8da93831dee2":{"type":"custom-html","settings":{"subheading":"Cyber Specials Starting at $29.99","title":"Shop By Category","html":""}},"c73d7543-fb11-4b1e-ae3f-7a02d1a7998c":{"type":"custom-html","settings":{"subheading":"","title":"","html":"<div class=\"shopify-section cat\" style=\"margin:3% 0 1% 0;\">\n  <div class=\"ban_wrap coth-category\" style=\"max-width:1200px; widht:100%; margin:0 auto;\">    \n    <ul>\n      <li><a href=\"\/collections\/tahari_coats?style=woet\" style=\"line-height:45px;\">Coats<\/a><\/li>\n      <li><a href=\"\/collections\/cyber-special-outlet?style=woet&amp;pf_pt_category=Dresses\" style=\"line-height:45px;\">Dresses<\/a><\/li>\n      <li><a href=\"\/collections\/cyber-special-outlet?style=woet&amp;pf_pt_category=Tops\" style=\"line-height:45px;\">Tops<\/a><\/li>\n      <li>\n        <a href=\"\/collections\/cyber-special-outlet?style=woet&amp;pf_pt_category=Sweaters\">Sweaters<\/a>\n      <\/li>\n      <li><a href=\"\/collections\/cyber-special-outlet?style=woet&amp;pf_pt_category=Pants\">Pants<\/a><\/li>\n      <li><a href=\"\/collections\/cyber-special-outlet?style=woet&amp;pf_pt_category=Jackets\" style=\"line-height:45px;\">Jackets<\/a><\/li>\n    <\/ul>\n  <\/div>\n<\/div>\n<style>\n.outlet #shopify-section-template--15600072687753__da1ff445-e7d7-4aef-8a84-1e06a1c99020 .Section--spacingNormal {\npadding-bottom: 0;\n}\n#shopify-section-template--15600072687753__da1ff445-e7d7-4aef-8a84-1e06a1c99020 h2 {\n    font-family: serif;\n    font-size: 2.1em;\n    margin-bottom: 0;\n    letter-spacing: .06em;\n    color: #000;\n}\n#shopify-section-template--15600072687753__da1ff445-e7d7-4aef-8a84-1e06a1c99020 .SectionHeader {\nmargin-bottom:40px;\n}\n@media screen and (max-width: 700px) {\n#shopify-section-template--15600072687753__da1ff445-e7d7-4aef-8a84-1e06a1c99020 h2 {\nfont-size: 1.4em;\n}\n}\n<\/style>"}},"main":{"type":"featured-collections","blocks":{"3e2000c3-4de1-4d2a-bb28-8e872d217b74":{"type":"collection","settings":{"collection":"cyber-special-outlet","title":"","grid_items_count":8,"button_text":"Shop All"}}},"block_order":["3e2000c3-4de1-4d2a-bb28-8e872d217b74"],"settings":{"title":"Cyber Sale","layout_mode":"grid","show_product_info":true,"show_vendor":false,"show_color_swatch":false,"grid_mobile_items_per_row":"2","grid_desktop_items_per_row":4}},"e23f4bdc-28c7-4ce2-87d4-76ac6fb03745":{"type":"Banner-featured-collections","blocks":{"template--15721039265929__e23f4bdc-28c7-4ce2-87d4-76ac6fb03745-collection-1":{"type":"collection","settings":{"collection":"holiday-gift-guide-woet","title":"","title2":"Now Extra 30% OFF w\/code BFCM30","grid_items_count":16,"button_text":"Shop Holiday Gifts"}}},"block_order":["template--15721039265929__e23f4bdc-28c7-4ce2-87d4-76ac6fb03745-collection-1"],"settings":{"title":"Gifts For All The IT GIRLS","layout_mode":"carousel","show_product_info":true,"show_vendor":false,"show_color_swatch":false,"grid_mobile_items_per_row":"2","grid_desktop_items_per_row":4}},"c014b069-dbe0-462f-9670-51015cdf21e4":{"type":"featured-collections","blocks":{"template--15721039265929__c014b069-dbe0-462f-9670-51015cdf21e4-collection-1":{"type":"collection","settings":{"collection":"black-friday-outlet","title":"Extra 30% off w\/ code BFCM30","grid_items_count":8,"button_text":"Shop All"}}},"block_order":["template--15721039265929__c014b069-dbe0-462f-9670-51015cdf21e4-collection-1"],"settings":{"title":"Cyber Sale","layout_mode":"grid","show_product_info":true,"show_vendor":false,"show_color_swatch":false,"grid_mobile_items_per_row":"2","grid_desktop_items_per_row":4}},"b4ac5470-1f05-4bb1-9123-e8de4c7b8546":{"type":"outlet-coll-one","blocks":{"template--15721039265929__b4ac5470-1f05-4bb1-9123-e8de4c7b8546-collection-1":{"type":"collection","settings":{"collection":"coats","image":"shopify:\/\/shop_images\/COATS_320bbe87-3963-475c-a26c-eeb937e4cfb2.jpg","image_alignment":"center center","content_position":"bottomLeft","subheading":"Sub-heading","title":"Collection name","button_text":"","button_link":"https:\/\/www.elietahari.com\/collections\/tahari_coats?style=woet","apply_overlay":false}},"template--15721039265929__b4ac5470-1f05-4bb1-9123-e8de4c7b8546-collection-2":{"type":"collection","settings":{"collection":"dresses","image":"shopify:\/\/shop_images\/DRESSES_f6b574bc-80f6-41dd-a4ed-f58eafd984da.jpg","image_alignment":"center center","content_position":"bottomLeft","subheading":"Sub-heading","title":"Collection name","button_text":"View products","button_link":"https:\/\/www.elietahari.com\/collections\/black-friday-specials-t-tahari?style=woet&pf_pt_category=Dresses","apply_overlay":false}},"template--15721039265929__b4ac5470-1f05-4bb1-9123-e8de4c7b8546-collection-3":{"type":"collection","settings":{"collection":"tops","image":"shopify:\/\/shop_images\/TOPS_001d55aa-1f40-4cad-8016-520144f9cb0a.jpg","image_alignment":"center center","content_position":"bottomLeft","subheading":"Sub-heading","title":"Collection name","button_text":"View products","button_link":"https:\/\/www.elietahari.com\/collections\/black-friday-specials-t-tahari?style=woet&pf_pt_category=Tops","apply_overlay":false}},"a98d2015-f5e1-4569-b5d0-e9c18832eeea":{"type":"collection","settings":{"collection":"knits-and-tshirts","image":"shopify:\/\/shop_images\/KNITS_SWEATERS_a9d403fc-91f1-47e2-867a-32884646d0ab.jpg","image_alignment":"center center","content_position":"bottomLeft","subheading":"Sub-heading","title":"Collection name","button_text":"View products","button_link":"https:\/\/www.elietahari.com\/collections\/black-friday-specials-t-tahari?style=woet&pf_pt_category=Sweaters","apply_overlay":false}},"be02fd07-cc6b-4c5d-99c1-ab32ee8a1f26":{"type":"collection","settings":{"collection":"pants","image":"shopify:\/\/shop_images\/PANTS_eaf52824-d830-4b6f-bb40-bafc35240aa9.jpg","image_alignment":"center center","content_position":"bottomLeft","subheading":"Sub-heading","title":"Collection name","button_text":"View products","button_link":"https:\/\/www.elietahari.com\/collections\/black-friday-specials-t-tahari?style=woet&pf_pt_category=Pants","apply_overlay":false}},"c536bc8c-278d-4034-8fc7-7c1617808e51":{"type":"collection","settings":{"collection":"jackets-blazers","image":"shopify:\/\/shop_images\/JACKETS_BLAZERS_6db29345-b40f-44b1-aeb6-aaa03619f5ae.jpg","image_alignment":"center center","content_position":"bottomLeft","subheading":"Sub-heading","title":"Collection name","button_text":"View products","button_link":"https:\/\/www.elietahari.com\/collections\/black-friday-specials-t-tahari?style=woet&pf_pt_category=Jackets","apply_overlay":false}}},"block_order":["template--15721039265929__b4ac5470-1f05-4bb1-9123-e8de4c7b8546-collection-1","template--15721039265929__b4ac5470-1f05-4bb1-9123-e8de4c7b8546-collection-2","template--15721039265929__b4ac5470-1f05-4bb1-9123-e8de4c7b8546-collection-3","a98d2015-f5e1-4569-b5d0-e9c18832eeea","be02fd07-cc6b-4c5d-99c1-ab32ee8a1f26","c536bc8c-278d-4034-8fc7-7c1617808e51"],"disabled":true,"settings":{"image_size":"normal","add_spacing":true,"expand_collection":false,"stack_on_mobile":true,"text_color":"#ffffff","button_color":"#363636"}}},"order":["8b4c5ab2-1e16-4c1f-9268-8e2eba8897a8","f8e018ec-7bbb-409f-b7bf-25974da752d9","de9846e5-7af9-4204-aaa4-8da93831dee2","c73d7543-fb11-4b1e-ae3f-7a02d1a7998c","main","e23f4bdc-28c7-4ce2-87d4-76ac6fb03745","c014b069-dbe0-462f-9670-51015cdf21e4","b4ac5470-1f05-4bb1-9123-e8de4c7b8546"]}