{"sections":{"8b4c5ab2-1e16-4c1f-9268-8e2eba8897a8":{"type":"banner","settings":{"image":"shopify:\/\/shop_images\/Extra-BF_Stripe_Desktop.jpg","mobile_image":"shopify:\/\/shop_images\/Extra-BF_Stripe_Mobile.jpg","img_url":"shopify:\/\/collections\/black-friday"}},"f8e018ec-7bbb-409f-b7bf-25974da752d9":{"type":"banner","settings":{"image":"shopify:\/\/shop_images\/Specials-BF_Stripe_Desktop.jpg","mobile_image":"shopify:\/\/shop_images\/Specials-BF_Stripe_Mobile.jpg","img_url":"shopify:\/\/collections\/cyber-special"}},"main":{"type":"featured-collections","blocks":{"3e2000c3-4de1-4d2a-bb28-8e872d217b74":{"type":"collection","settings":{"collection":"black-friday","title":"Extra 30% Off w\/ Code BFCM30 | Free Shipping On All Orders w\/ code FREESHIP","grid_items_count":8,"button_text":"Shop Cyber Sale"}}},"block_order":["3e2000c3-4de1-4d2a-bb28-8e872d217b74"],"settings":{"title":"Cyber Sale","layout_mode":"grid","show_product_info":true,"show_vendor":false,"show_color_swatch":false,"grid_mobile_items_per_row":"2","grid_desktop_items_per_row":4}},"e23f4bdc-28c7-4ce2-87d4-76ac6fb03745":{"type":"Banner-featured-collections","blocks":{"template--15721039265929__e23f4bdc-28c7-4ce2-87d4-76ac6fb03745-collection-1":{"type":"collection","settings":{"collection":"holiday-gift-guide","title":"One for you & for all the IT Girls","title2":"Extra 30% OFF w\/code BFCM30","grid_items_count":16,"button_text":"Shop Now"}}},"block_order":["template--15721039265929__e23f4bdc-28c7-4ce2-87d4-76ac6fb03745-collection-1"],"settings":{"title":"The Gift Giver's Guide","layout_mode":"carousel","show_product_info":true,"show_vendor":false,"show_color_swatch":false,"grid_mobile_items_per_row":"2","grid_desktop_items_per_row":4}},"de9846e5-7af9-4204-aaa4-8da93831dee2":{"type":"custom-html","settings":{"subheading":"$99 & Under Cyber Specials","title":"Shop By Category","html":""}},"b4ac5470-1f05-4bb1-9123-e8de4c7b8546":{"type":"outlet-coll-one","blocks":{"template--15721039265929__b4ac5470-1f05-4bb1-9123-e8de4c7b8546-collection-1":{"type":"collection","settings":{"collection":"coats","image":"shopify:\/\/shop_images\/Coats_ff5a212a-c0c0-4d0a-b105-db24090d4cf4.jpg","image_alignment":"center center","content_position":"bottomLeft","subheading":"Sub-heading","title":"Collection name","button_text":"","button_link":"https:\/\/www.elietahari.com\/collections\/cyber-special?pf_pt_category=Coats","apply_overlay":false}},"template--15721039265929__b4ac5470-1f05-4bb1-9123-e8de4c7b8546-collection-2":{"type":"collection","settings":{"collection":"dresses","image":"shopify:\/\/shop_images\/DRESSES_a21e3199-1e45-4f0d-9714-5ac01898bc3f.jpg","image_alignment":"center center","content_position":"bottomLeft","subheading":"Sub-heading","title":"Collection name","button_text":"View products","button_link":"https:\/\/www.elietahari.com\/collections\/cyber-special?pf_pt_category=Dresses","apply_overlay":false}},"template--15721039265929__b4ac5470-1f05-4bb1-9123-e8de4c7b8546-collection-3":{"type":"collection","settings":{"collection":"tops","image":"shopify:\/\/shop_images\/TOPS_d4bdfd62-6d9c-4c7f-9168-81e66ff650ef.jpg","image_alignment":"center center","content_position":"bottomLeft","subheading":"Sub-heading","title":"Collection name","button_text":"View products","button_link":"https:\/\/www.elietahari.com\/collections\/cyber-special?pf_pt_category=Tops","apply_overlay":false}},"a98d2015-f5e1-4569-b5d0-e9c18832eeea":{"type":"collection","settings":{"collection":"knits-and-tshirts","image":"shopify:\/\/shop_images\/KNITS_SWEATERS_f3f33a02-cbc5-4ef7-be94-c7109464e861.jpg","image_alignment":"center center","content_position":"bottomLeft","subheading":"Sub-heading","title":"Collection name","button_text":"View products","button_link":"https:\/\/www.elietahari.com\/collections\/cyber-special?pf_pt_category=Sweaters&pf_pt_category=Knits","apply_overlay":false}},"be02fd07-cc6b-4c5d-99c1-ab32ee8a1f26":{"type":"collection","settings":{"collection":"pants","image":"shopify:\/\/shop_images\/PANTS_69538ddf-b425-48bc-911d-740266a3ecce.jpg","image_alignment":"center center","content_position":"bottomLeft","subheading":"Sub-heading","title":"Collection name","button_text":"View products","button_link":"https:\/\/www.elietahari.com\/collections\/cyber-special?pf_pt_category=Pants","apply_overlay":false}},"c536bc8c-278d-4034-8fc7-7c1617808e51":{"type":"collection","settings":{"collection":"jackets-blazers","image":"shopify:\/\/shop_images\/JACKETS_BLAZERS_73745f17-ce8b-436f-81d8-846f59a0c478.jpg","image_alignment":"center center","content_position":"bottomLeft","subheading":"Sub-heading","title":"Collection name","button_text":"View products","button_link":"https:\/\/www.elietahari.com\/collections\/cyber-special?pf_pt_category=Jackets","apply_overlay":false}}},"block_order":["template--15721039265929__b4ac5470-1f05-4bb1-9123-e8de4c7b8546-collection-1","template--15721039265929__b4ac5470-1f05-4bb1-9123-e8de4c7b8546-collection-2","template--15721039265929__b4ac5470-1f05-4bb1-9123-e8de4c7b8546-collection-3","a98d2015-f5e1-4569-b5d0-e9c18832eeea","be02fd07-cc6b-4c5d-99c1-ab32ee8a1f26","c536bc8c-278d-4034-8fc7-7c1617808e51"],"settings":{"image_size":"normal","add_spacing":true,"expand_collection":false,"stack_on_mobile":true,"text_color":"#ffffff","button_color":"#363636"}},"c014b069-dbe0-462f-9670-51015cdf21e4":{"type":"featured-collections","blocks":{"template--15721039265929__c014b069-dbe0-462f-9670-51015cdf21e4-collection-1":{"type":"collection","settings":{"collection":"cyber-special","title":"","grid_items_count":8,"button_text":"Shop All Specials"}}},"block_order":["template--15721039265929__c014b069-dbe0-462f-9670-51015cdf21e4-collection-1"],"settings":{"title":"","layout_mode":"grid","show_product_info":true,"show_vendor":false,"show_color_swatch":false,"grid_mobile_items_per_row":"2","grid_desktop_items_per_row":4}}},"order":["8b4c5ab2-1e16-4c1f-9268-8e2eba8897a8","f8e018ec-7bbb-409f-b7bf-25974da752d9","main","e23f4bdc-28c7-4ce2-87d4-76ac6fb03745","de9846e5-7af9-4204-aaa4-8da93831dee2","b4ac5470-1f05-4bb1-9123-e8de4c7b8546","c014b069-dbe0-462f-9670-51015cdf21e4"]}