{"sections":{"about_UcDUMY":{"type":"about","settings":{"elie":"<p>For 50 years, Elie Tahari ‘s keen understanding of fashion and design has ensured him a unique position in the luxury world. The internationally-renowned brand has a global presence and has come to define modern sophistication with the designer inspired collections of understated grace and elegance.<\/p>","image":"shopify:\/\/shop_images\/ET-pic_aa47afca-3117-4288-9f92-0ba4bc42099d.jpg","image_position":"right"}},"collection_list_38KXnQ":{"type":"collection-list","blocks":{"collection_Rc3HiB":{"type":"collection","settings":{"collection":"","alt_text":"","image":"shopify:\/\/shop_images\/Aspot_Mobile.jpg","image_alignment":"center center","content_position":"bottomLeft","subheading":"Sub-heading","subheading1":"Sub-heading","title":"Collection name","button_text":"View products","button_link":"","apply_overlay":true}},"collection_t39XRk":{"type":"collection","settings":{"collection":"","alt_text":"","image":"shopify:\/\/shop_images\/Aspot_Mobile.jpg","image_alignment":"center center","content_position":"bottomLeft","subheading":"Sub-heading","subheading1":"Sub-heading","title":"Collection name","button_text":"View products","button_link":"","apply_overlay":true}},"collection_VbfWDG":{"type":"collection","settings":{"collection":"","alt_text":"","image":"shopify:\/\/shop_images\/Aspot_Mobile.jpg","image_alignment":"center center","content_position":"bottomLeft","subheading":"Sub-heading","subheading1":"Sub-heading","title":"Collection name","button_text":"View products","button_link":"","apply_overlay":true}}},"block_order":["collection_Rc3HiB","collection_t39XRk","collection_VbfWDG"],"settings":{"top_title":"Discover More","top_subheading":"","image_size":"normal","add_spacing":true,"expand_collection":false,"stack_on_mobile":true,"text_color":"#ffffff","button_color":"#363636"}}},"order":["about_UcDUMY","collection_list_38KXnQ"]}