{"sections":{"5767b23c-af0c-49b7-83d8-c9b05975a892":{"type":"slideshow","blocks":{"template--15787500732553__5767b23c-af0c-49b7-83d8-c9b05975a892-image-1":{"type":"image","settings":{"image":"shopify:\/\/shop_images\/Aspot_Desktop_d2598e47-774e-43d1-abcd-1d394d2dc767.jpg","mobile_image":"shopify:\/\/shop_images\/Aspot_Mobile_aa8f6d29-4053-4097-ab1d-c489b447c6e9.jpg","apply_overlay":false,"content_position":"bottomLeft","subheading":"","title":"","aria_text":"Winter Sale","button_1_text":"","button_1_link":"shopify:\/\/collections\/elies-picks-outlet","button_2_text":"","button_2_link":""}}},"block_order":["template--15787500732553__5767b23c-af0c-49b7-83d8-c9b05975a892-image-1"],"settings":{"show_fullscreen":false,"show_arrow":false,"autoplay":false,"cycle_speed":5,"text_color":"#ffffff","button_color":"#363636","button_background":"#ffffff"}},"woet_boxes_CpBLKR":{"type":"woet-Boxes","blocks":{"collection_qh7y9d":{"type":"collection","settings":{"collection":"","alt_text":"Tops","image":"shopify:\/\/shop_images\/1_885e949e-a4b1-48a3-a8bb-8edb7bde142c.jpg","image_alignment":"center center","content_position":"bottomLeft","button_link":"shopify:\/\/collections\/t-tahari-tops","title":"","apply_overlay":false}},"collection_zMJEkx":{"type":"collection","settings":{"collection":"","alt_text":"Tops","image":"shopify:\/\/shop_images\/2_24be92e2-2b3c-471e-958c-369a321254a7.jpg","image_alignment":"center center","content_position":"bottomLeft","button_link":"shopify:\/\/collections\/t-tahari-dresses","title":"","apply_overlay":false}},"collection_cEyzYE":{"type":"collection","settings":{"collection":"","alt_text":"","image":"shopify:\/\/shop_images\/3_868eecf0-4aa6-4c65-b59a-262a4f74fed2.jpg","image_alignment":"center center","content_position":"bottomLeft","button_link":"shopify:\/\/collections\/t-tahari-pants","title":"","apply_overlay":true}}},"block_order":["collection_qh7y9d","collection_zMJEkx","collection_cEyzYE"],"settings":{"image_size":"normal","add_spacing":true,"expand_collection":false,"classname":"woet-callout memorial_day woet-cat","stack_on_mobile":true,"text_color":"#000000","title_heading":"In Season Styles","sub_heading":"To Freshen up your wardrobe","button_color":"#363636"}},"ebfb1221-9d14-4a41-8b9b-cccf65c070e2":{"type":"woet-collections","blocks":{"template--15600072687753__ebfb1221-9d14-4a41-8b9b-cccf65c070e2-collection-1":{"type":"collection","settings":{"woet_collection":"t-tahari-knits-sweaters","woet_image":"shopify:\/\/shop_images\/CS_Sweaters.jpg","woet_title":"","woet_grid_items_count":6,"woet_button_text":"View All Products"}}},"block_order":["template--15600072687753__ebfb1221-9d14-4a41-8b9b-cccf65c070e2-collection-1"],"disabled":true,"settings":{"reverse_collection":false,"woet_title":"","woet_layout_mode":"grid","woet_show_product_info":true,"woet_show_vendor":false,"woet_show_color_swatch":false,"woet_grid_mobile_items_per_row":"2","woet_grid_desktop_items_per_row":3}},"slideshow_CR63DK":{"type":"slideshow","blocks":{"image_GkBrK3":{"type":"image","settings":{"image":"shopify:\/\/shop_images\/SweaterWeather_8092f8b2-0247-439a-83d6-4b809dbcf388.jpg","mobile_image":"shopify:\/\/shop_images\/SweaterWeather_Mobile_53145728-cc6c-4267-9b9b-59ed7b6e592e.jpg","apply_overlay":false,"content_position":"bottomLeft","subheading":"","title":"","aria_text":"","button_1_text":"","button_1_link":"shopify:\/\/collections\/t-tahari-knits-sweaters","button_2_text":"","button_2_link":""}}},"block_order":["image_GkBrK3"],"settings":{"show_fullscreen":false,"show_arrow":false,"autoplay":false,"cycle_speed":5,"text_color":"#ffffff","button_color":"#363636","button_background":"#ffffff"}},"5186f982-ab08-4cbe-8552-db72a42493f7":{"type":"woet-collections","blocks":{"template--15600072687753__5186f982-ab08-4cbe-8552-db72a42493f7-collection-1":{"type":"collection","settings":{"woet_collection":"woet-suiting","woet_image":"shopify:\/\/shop_images\/CS_Suiting.jpg","woet_title":"","woet_grid_items_count":6,"woet_button_text":"View all products"}}},"block_order":["template--15600072687753__5186f982-ab08-4cbe-8552-db72a42493f7-collection-1"],"disabled":true,"settings":{"reverse_collection":true,"woet_title":"","woet_layout_mode":"grid","woet_show_product_info":true,"woet_show_vendor":false,"woet_show_color_swatch":false,"woet_grid_mobile_items_per_row":"2","woet_grid_desktop_items_per_row":3}},"slideshow_aEm4T4":{"type":"slideshow","blocks":{"image_VBtyUT":{"type":"image","settings":{"image":"shopify:\/\/shop_images\/CS_stripe.jpg","mobile_image":"shopify:\/\/shop_images\/CS_Stripe_Mobile_94bc8387-093d-4b25-88f3-9baae8beb8d1.jpg","apply_overlay":false,"content_position":"bottomLeft","subheading":"","title":"","aria_text":"Black Friday","button_1_text":"","button_1_link":"shopify:\/\/collections\/black-friday-outlet","button_2_text":"","button_2_link":""}}},"block_order":["image_VBtyUT"],"disabled":true,"settings":{"show_fullscreen":false,"show_arrow":false,"autoplay":false,"cycle_speed":5,"text_color":"#ffffff","button_color":"#363636","button_background":"#ffffff"}},"d65f0d47-c613-43f4-954a-e14026ef82e8":{"type":"woet-Boxes","blocks":{"template--15898844397705__d65f0d47-c613-43f4-954a-e14026ef82e8-collection-1":{"type":"collection","settings":{"collection":"","alt_text":"Coats","image":"shopify:\/\/shop_images\/COATS_893b046f-179f-4593-ac45-8a7afdb1b671.jpg","image_alignment":"center center","content_position":"bottomLeft","button_link":"shopify:\/\/collections\/tahari_coats","title":"","apply_overlay":true}},"template--15898844397705__d65f0d47-c613-43f4-954a-e14026ef82e8-collection-2":{"type":"collection","settings":{"collection":"","alt_text":"Suiting","image":"shopify:\/\/shop_images\/SUITING_f367681c-a0d0-4c7b-b893-81a93fe7e21e.jpg","image_alignment":"center center","content_position":"bottomLeft","button_link":"shopify:\/\/collections\/woet-suiting","title":"","apply_overlay":true}}},"block_order":["template--15898844397705__d65f0d47-c613-43f4-954a-e14026ef82e8-collection-1","template--15898844397705__d65f0d47-c613-43f4-954a-e14026ef82e8-collection-2"],"settings":{"image_size":"normal","add_spacing":true,"expand_collection":false,"classname":"woet-cat","stack_on_mobile":true,"text_color":"#000000","title_heading":"","sub_heading":"","button_color":"#363636"}},"6b0abc1c-0b44-47da-b5f0-93c3cad39b92":{"type":"slideshow","blocks":{"template--15600072687753__6b0abc1c-0b44-47da-b5f0-93c3cad39b92-image-1":{"type":"image","settings":{"image":"shopify:\/\/shop_images\/ET_Collection_Desktop_e669585e-9bba-4ba2-b79c-d84b00daa43f.jpg","mobile_image":"shopify:\/\/shop_images\/ET_Collection_Mobile_a3ba0434-853f-47f3-a5e8-f8093bef3709.jpg","apply_overlay":false,"content_position":"bottomLeft","subheading":"","title":"","aria_text":"Elie Tahari collection","button_1_text":"","button_1_link":"shopify:\/\/collections\/elie-tahari-collection","button_2_text":"","button_2_link":""}}},"block_order":["template--15600072687753__6b0abc1c-0b44-47da-b5f0-93c3cad39b92-image-1"],"settings":{"show_fullscreen":false,"show_arrow":false,"autoplay":true,"cycle_speed":5,"text_color":"#ffffff","button_color":"#363636","button_background":"#ffffff"}},"737bd179-33df-4e98-8a6c-afa7374be6b6":{"type":"woet-Boxes","blocks":{"template--15721030058121__737bd179-33df-4e98-8a6c-afa7374be6b6-collection-1":{"type":"collection","settings":{"collection":"","alt_text":"Dresses","image":"shopify:\/\/shop_images\/Cat-Dresses.jpg","image_alignment":"center center","content_position":"bottomLeft","button_link":"https:\/\/www.elietahari.com\/collections\/elie-tahari-outlet?style=woet&pf_pt_category=Dresses","title":"Shop Dresses","apply_overlay":false}},"template--15721030058121__737bd179-33df-4e98-8a6c-afa7374be6b6-collection-2":{"type":"collection","settings":{"collection":"","alt_text":"Tops","image":"shopify:\/\/shop_images\/Cat-Tops.jpg","image_alignment":"center center","content_position":"bottomLeft","button_link":"https:\/\/www.elietahari.com\/collections\/elie-tahari-outlet?style=woet&pf_pt_category=Tops","title":"Shop Tops","apply_overlay":false}},"collection_qtjkD9":{"type":"collection","settings":{"collection":"","alt_text":"Pants","image":"shopify:\/\/shop_images\/Cat-pants.jpg","image_alignment":"center center","content_position":"bottomLeft","button_link":"https:\/\/www.elietahari.com\/collections\/elie-tahari-outlet?style=woet&pf_pt_category=Pants","title":"Shop Pants","apply_overlay":false}},"collection_3M3yWb":{"type":"collection","settings":{"collection":"","alt_text":"Jackets","image":"shopify:\/\/shop_images\/Cat-Jacket.jpg","image_alignment":"center center","content_position":"bottomLeft","button_link":"https:\/\/www.elietahari.com\/collections\/elie-tahari-outlet?style=woet&pf_pt_category=Jackets","title":"Shop Jackets","apply_overlay":false}},"collection_BfiwXE":{"type":"collection","settings":{"collection":"","alt_text":"Knits","image":"shopify:\/\/shop_images\/Cat-Knits.jpg","image_alignment":"center center","content_position":"bottomLeft","button_link":"https:\/\/www.elietahari.com\/collections\/elie-tahari-outlet?style=woet&pf_pt_category=Knits","title":"Shop Knits","apply_overlay":false}},"collection_apqLpc":{"type":"collection","settings":{"collection":"","alt_text":"Sweaters","image":"shopify:\/\/shop_images\/Cat-Sweaters.jpg","image_alignment":"center center","content_position":"bottomLeft","button_link":"https:\/\/www.elietahari.com\/collections\/elie-tahari-outlet?style=woet&pf_pt_category=Sweaters","title":"Shop Sweaters","apply_overlay":true}}},"block_order":["template--15721030058121__737bd179-33df-4e98-8a6c-afa7374be6b6-collection-1","template--15721030058121__737bd179-33df-4e98-8a6c-afa7374be6b6-collection-2","collection_qtjkD9","collection_3M3yWb","collection_BfiwXE","collection_apqLpc"],"settings":{"image_size":"normal","add_spacing":true,"expand_collection":false,"classname":"woet-callout","stack_on_mobile":true,"text_color":"#000000","title_heading":"","sub_heading":"","button_color":"#363636"}},"woet_collections_kNA966":{"type":"woet-collections","blocks":{"collection_JeenVi":{"type":"collection","settings":{"woet_collection":"t-tahari-dresses","woet_image":"shopify:\/\/shop_images\/Dresses_a011cdb4-3b1a-4305-9265-426a659123f9.jpg","woet_title":"","woet_grid_items_count":6,"woet_button_text":"View all products"}}},"block_order":["collection_JeenVi"],"disabled":true,"settings":{"reverse_collection":false,"woet_title":"","woet_layout_mode":"grid","woet_show_product_info":true,"woet_show_vendor":false,"woet_show_color_swatch":false,"woet_grid_mobile_items_per_row":"2","woet_grid_desktop_items_per_row":3}},"4573e64c-d9aa-4711-be32-ffc074da4c77":{"type":"Banner-featured-collections","blocks":{"template--15721030058121__4573e64c-d9aa-4711-be32-ffc074da4c77-collection-1":{"type":"collection","settings":{"collection":"holiday-gift-guide-woet","title":"Gifts for all the IT girls","title2":"Extra 30% Off w\/ code BFCM30","grid_items_count":16,"button_text":"Shop The Gift Edit"}}},"block_order":["template--15721030058121__4573e64c-d9aa-4711-be32-ffc074da4c77-collection-1"],"disabled":true,"settings":{"title":"The Gift Giver's Guide","layout_mode":"carousel","show_product_info":true,"show_vendor":false,"show_color_swatch":false,"grid_mobile_items_per_row":"2","grid_desktop_items_per_row":4}},"featured_collections_Y3KWFh":{"type":"featured-collections","blocks":{"collection_wtJqVK":{"type":"collection","settings":{"collection":"outlet-dress-event-extra-30-off","title":"","grid_items_count":10,"button_text":"Shop The Dress Event"}}},"block_order":["collection_wtJqVK"],"disabled":true,"settings":{"title":"","layout_mode":"carousel","show_product_info":true,"show_vendor":false,"show_color_swatch":false,"grid_mobile_items_per_row":"1","grid_desktop_items_per_row":4}},"a62d4ce3-87d5-400c-bf67-0611ee7adc8b":{"type":"banner","disabled":true,"settings":{"image":"shopify:\/\/shop_images\/MothersDay_GiftGuide_Desktop.jpg","mobile_image":"shopify:\/\/shop_images\/MothersDay_GiftGuide_Mobile.jpg","img_url":"shopify:\/\/collections\/outlet-mothers-day-sale-1"}},"banner_CkA99V":{"type":"banner","disabled":true,"settings":{"image":"shopify:\/\/shop_images\/dress_event.jpg","mobile_image":"shopify:\/\/shop_images\/dress_event_mobile_741b10f5-25e0-4028-be01-cf350f2a3a26.jpg","img_url":"shopify:\/\/collections\/outlet-dress-event-extra-30-off"}},"main":{"type":"banner","disabled":true,"settings":{"image":"shopify:\/\/shop_images\/T_Tahari_Desktop.jpg","mobile_image":"shopify:\/\/shop_images\/T_Tahari_Mobile.jpg","img_url":"shopify:\/\/collections\/t-tahari-collection"}},"slideshow_qWQ4aH":{"type":"slideshow","blocks":{"image_cmb4jV":{"type":"image","settings":{"image":"shopify:\/\/shop_images\/collection_woet_banner_desktop.jpg","mobile_image":"shopify:\/\/shop_images\/collection_woet_banner_mobile.jpg","apply_overlay":false,"content_position":"bottomLeft","subheading":"","title":"","aria_text":"","button_1_text":"","button_1_link":"shopify:\/\/collections\/elie-tahari-collection","button_2_text":"","button_2_link":""}}},"block_order":["image_cmb4jV"],"disabled":true,"settings":{"show_fullscreen":false,"show_arrow":false,"autoplay":false,"cycle_speed":5,"text_color":"#ffffff","button_color":"#363636","button_background":"#ffffff"}},"83593681-4472-4a50-8b63-6a640f77168d":{"type":"woet-Boxes","blocks":{"template--15600072687753__83593681-4472-4a50-8b63-6a640f77168d-collection-1":{"type":"collection","settings":{"collection":"","alt_text":"Tahari Handbags","image":"shopify:\/\/shop_images\/1_cb046554-2e05-4bd1-a65e-9cf66ad57e57.jpg","image_alignment":"center center","content_position":"bottomLeft","button_link":"https:\/\/www.elietahari.com\/collections\/outlet-accessories?style=woet&pf_pt_category=Handbags","title":"","apply_overlay":false}},"collection_wkmU4a":{"type":"collection","settings":{"collection":"","alt_text":"Winter Accessories","image":"shopify:\/\/shop_images\/2_baa9006b-4b87-4cbf-b372-7e70b02fd3d6.jpg","image_alignment":"center center","content_position":"bottomLeft","button_link":"https:\/\/www.elietahari.com\/collections\/outlet-accessories?style=woet&pf_pt_category=Sunglasses","title":"","apply_overlay":true}},"template--15600072687753__83593681-4472-4a50-8b63-6a640f77168d-collection-2":{"type":"collection","settings":{"collection":"","alt_text":"Tahari Denim","image":"shopify:\/\/shop_images\/3_107ceee4-a3bd-4d89-a75c-bcf80fa307b3.jpg","image_alignment":"center center","content_position":"bottomLeft","button_link":"https:\/\/www.elietahari.com\/collections\/outlet-accessories?style=woet&pf_pt_category=Fragrance","title":"","apply_overlay":false}},"collection_mfaq3N":{"type":"collection","disabled":true,"settings":{"collection":"","alt_text":"Tahari Fragrance","image":"shopify:\/\/shop_images\/fragrance_3ebe389c-7783-4f8c-8df9-3070759b64e3.jpg","image_alignment":"center center","content_position":"bottomLeft","button_link":"https:\/\/www.elietahari.com\/collections\/outlet-accessories?style=woet&pf_pt_category=Fragrance","title":"","apply_overlay":true}}},"block_order":["template--15600072687753__83593681-4472-4a50-8b63-6a640f77168d-collection-1","collection_wkmU4a","template--15600072687753__83593681-4472-4a50-8b63-6a640f77168d-collection-2","collection_mfaq3N"],"custom_css":[],"settings":{"image_size":"normal","add_spacing":true,"expand_collection":false,"classname":"woet-callout","stack_on_mobile":true,"text_color":"#ffffff","title_heading":"Style Transitions","sub_heading":"Shop Accessories And More","button_color":"#363636"}},"573c180b-c98d-48ac-9318-19bda78f1391":{"type":"slideshow","blocks":{"template--15787500732553__573c180b-c98d-48ac-9318-19bda78f1391-image-1":{"type":"image","settings":{"image":"shopify:\/\/shop_images\/Clearance_Desktop_485eddf4-fe4d-496c-ab6c-15557e27b780.jpg","mobile_image":"shopify:\/\/shop_images\/Clearance_Mobile_dc39d47f-aecf-4843-90ed-0153e8928e8f.jpg","apply_overlay":false,"content_position":"bottomLeft","subheading":"","title":"","aria_text":"","button_1_text":"","button_1_link":"https:\/\/www.elietahari.com\/collections\/final-clearance-outlet-1?style=woet","button_2_text":"","button_2_link":""}}},"block_order":["template--15787500732553__573c180b-c98d-48ac-9318-19bda78f1391-image-1"],"settings":{"show_fullscreen":false,"show_arrow":false,"autoplay":false,"cycle_speed":5,"text_color":"#ffffff","button_color":"#363636","button_background":"#ffffff"}},"da1ff445-e7d7-4aef-8a84-1e06a1c99020":{"type":"custom-html","disabled":true,"settings":{"subheading":"","title":"Shop by Category","html":"<div class=\"shopify-section cat\" style=\"margin:3% 0 1% 0;\">\n  <div class=\"ban_wrap coth-category\" style=\"max-width:1200px; widht:100%; margin:0 auto;\">    \n    <ul>\n      <li><a href=\"\/collections\/outlet-dresses?style=outlet\" style=\"line-height:45px;\">Dresses<\/a><\/li>\n      <li><a href=\"\/collections\/outlet-tops?style=outlet\" style=\"line-height:45px;\">Tops<\/a><\/li>\n      <li><a href=\"\/collections\/outlet-bottoms?style=outlet\" style=\"line-height:45px;\">Pants<\/a><\/li>\n      <li>\n        <a href=\"\/collections\/elie-tahari-outlet?style=outlet&amp;pf_pt_category=Knits&amp;pf_pt_category=Sweaters\">Sweaters &amp; Knits<\/a>\n      <\/li>\n      <li><a href=\"\/collections\/outlet-jackets-blazers?style=outlet\">Jackets &amp; Blazers<\/a><\/li>\n      <li><a href=\"\/collections\/outlet-coats\" style=\"line-height:45px;\">COATS<\/a><\/li>\n    <\/ul>\n  <\/div>\n<\/div>\n<style>\n.outlet #shopify-section-template--15600072687753__da1ff445-e7d7-4aef-8a84-1e06a1c99020 .Section--spacingNormal {\npadding-bottom: 0;\n}\n#shopify-section-template--15600072687753__da1ff445-e7d7-4aef-8a84-1e06a1c99020 h2 {\n    font-family: serif;\n    font-size: 2.1em;\n    margin-bottom: 0;\n    letter-spacing: .06em;\n    color: #000;\n}\n#shopify-section-template--15600072687753__da1ff445-e7d7-4aef-8a84-1e06a1c99020 .SectionHeader {\nmargin-bottom:40px;\n}\n@media screen and (max-width: 700px) {\n#shopify-section-template--15600072687753__da1ff445-e7d7-4aef-8a84-1e06a1c99020 h2 {\nfont-size: 1.4em;\n}\n}\n<\/style>"}},"fb31ed0b-ba5b-4ecb-8049-d4741a9cd370":{"type":"banner","disabled":true,"settings":{"image":"shopify:\/\/shop_images\/Home_Desktop_11765812-9726-4f3a-a9c6-f3af91a57472.jpg","mobile_image":"shopify:\/\/shop_images\/Home_Mobile_0c063c36-04ee-4b59-a6bc-11c22857d975.jpg","img_url":"shopify:\/\/collections\/tahari-home"}},"featured_collections_c89ynC":{"type":"featured-collections","blocks":{"collection_JWP3mJ":{"type":"collection","disabled":true,"settings":{"collection":"tahari-home","title":"","grid_items_count":3,"button_text":"Shop Tahari Home"}}},"block_order":["collection_JWP3mJ"],"disabled":true,"settings":{"title":"","layout_mode":"grid","show_product_info":true,"show_vendor":false,"show_color_swatch":false,"grid_mobile_items_per_row":"1","grid_desktop_items_per_row":3}},"75b61c63-0a9f-4e57-99c9-24960eedab7c":{"type":"banner","disabled":true,"settings":{"image":"shopify:\/\/shop_images\/FC_Desktop_Ani.gif","mobile_image":"shopify:\/\/shop_images\/FC_Mobile_Ani.gif","img_url":"shopify:\/\/collections\/final-clearance-outlet-1"}},"df7b716d-b41c-4375-985e-58e1df825d88":{"type":"woet-list","blocks":{"template--15600072687753__df7b716d-b41c-4375-985e-58e1df825d88-collection-2":{"type":"collection","settings":{"collection":"","alt_text":"","image":"shopify:\/\/shop_images\/ColdWeather_Mobile_2cac3814-e8db-4210-a49b-d21244dc3a16.jpg","image_alignment":"center center","content_position":"bottomLeft","subheading":"Extra 25% OFF w\/code FRIENDS25","subheading1":"","title":"TAHARI Winter Accessories","button_text":"Shop Now","button_link":"shopify:\/\/collections\/winter-accessories","apply_overlay":false}},"template--15600072687753__df7b716d-b41c-4375-985e-58e1df825d88-collection-1":{"type":"collection","settings":{"collection":"","alt_text":"","image":"shopify:\/\/shop_images\/Handbags_Mobile_c3504a1c-8e97-4e9d-885a-7e1305b02d54.jpg","image_alignment":"center center","content_position":"bottomLeft","subheading":"Extra 25% OFF w\/code FRIENDS25","subheading1":"","title":"Tahari Handbags","button_text":"Shop Now","button_link":"https:\/\/www.elietahari.com\/collections\/outlet-accessories?style=woet&pf_pt_category=Handbags","apply_overlay":false}},"template--15600072687753__df7b716d-b41c-4375-985e-58e1df825d88-collection-3":{"type":"collection","settings":{"collection":"","alt_text":"","image":"shopify:\/\/shop_images\/Fragrance_Mobile_06694833-0707-497b-98f2-d7b94934acaf.jpg","image_alignment":"center center","content_position":"bottomLeft","subheading":"Starting At $9.99","subheading1":"","title":"Tahari Fragrance","button_text":"Shop Now","button_link":"https:\/\/www.elietahari.com\/collections\/outlet-accessories?style=woet&pf_pt_category=Fragrance","apply_overlay":false}}},"block_order":["template--15600072687753__df7b716d-b41c-4375-985e-58e1df825d88-collection-2","template--15600072687753__df7b716d-b41c-4375-985e-58e1df825d88-collection-1","template--15600072687753__df7b716d-b41c-4375-985e-58e1df825d88-collection-3"],"disabled":true,"settings":{"top_title":"","top_subheading":"","image_size":"normal","add_spacing":true,"expand_collection":false,"stack_on_mobile":true,"text_color":"#030303","button_color":"#363636"}}},"order":["5767b23c-af0c-49b7-83d8-c9b05975a892","woet_boxes_CpBLKR","ebfb1221-9d14-4a41-8b9b-cccf65c070e2","slideshow_CR63DK","5186f982-ab08-4cbe-8552-db72a42493f7","slideshow_aEm4T4","d65f0d47-c613-43f4-954a-e14026ef82e8","6b0abc1c-0b44-47da-b5f0-93c3cad39b92","737bd179-33df-4e98-8a6c-afa7374be6b6","woet_collections_kNA966","4573e64c-d9aa-4711-be32-ffc074da4c77","featured_collections_Y3KWFh","a62d4ce3-87d5-400c-bf67-0611ee7adc8b","banner_CkA99V","main","slideshow_qWQ4aH","83593681-4472-4a50-8b63-6a640f77168d","573c180b-c98d-48ac-9318-19bda78f1391","da1ff445-e7d7-4aef-8a84-1e06a1c99020","fb31ed0b-ba5b-4ecb-8049-d4741a9cd370","featured_collections_c89ynC","75b61c63-0a9f-4e57-99c9-24960eedab7c","df7b716d-b41c-4375-985e-58e1df825d88"]}